Product_id,Selling_Price
SCHE4YSTDVPVZVXW,3336.3643
ACCEGCATKHNRXUHW,1914.1075
NKCE6GJ5XVJDXNNZ,11275.531
NKCEB8BK3ZXDHDHM,9473.748
TOPEFDXSAHRNPF94,5663.7476
ACCE558KZHEPZYMG,9380.192
ACCEAZCVAMFHDPY7,4957.063
NKCDYNY37JPBGBVM,2604.1877
NKCEY8KWY33FCUYD,7433.4517
RNGE4YPTQYRECV9J,4350.3726
NKCE88AHBHJZREXH,3948.5356
CLTEJ5ZZGBP4JGGE,8047.773
WATE3NWH5FZWAMDA,8407.017
CAGE53FSFZVFPFHQ,1651.8448
PCSEAKVBFFPGCHNZ,3546.0928
WATDFFH3KJYBTYGG,7759.5415
NKCDWHFQSCHHYZMP,2712.5227
RNGEB2PG3Q5RKDW6,3315.6353
NKCE5UY9HHPZGGUZ,4446.851
KTAEHETW3ZCMFMJR,4235.492
BRAEBBYRVF9MHJHU,8140.229
NKCEAX7HAQ2RJA3Q,10395.439
CRTECN2RQZWBSP9W,5240.2183
WATDEWZ9UHSEHGZG,9178.407
PTPEYW8HNV6G9YYR,2830.003
ACCEAMGZRRYVAHDC,4604.7373
SRTEHHXG8MUXTGPA,6033.835
SKIE4S4NN4MHYM3Z,4653.304
HMBE7G34YHWPWKYN,7340.58
LLIEGTMFJBD7ZZZM,13791.253
ACCEJGH6JVTM4CBH,832.79694
ACCDQDYBXJ9HZF37,10002.288
RNGE88FRGZCXNKUG,748.77545
NKCE7M3QNNPZDXHQ,10376.013
VLBEGFFDP9H6WG2T,3691.9683
TOPEAFG4YEQSH5TT,2420.6897
WATEYAP3K2QQQWDH,5151.5386
PCSEBDFUFJWGARNX,10669.601
SWTEGXQFZY95SKG7,4964.311
BRAEGJFXSM9ZQ6SK,7575.737
CAGE6FYKP34GA4GF,8006.8364
HMBEJCMH78VJF3M8,4175.934
HIFEB7J3GSTVN5XJ,10641.185
PBXE6ZHNGZREWWHR,4384.916
PCSEAKVBNXFGZBKB,6787.8994
BRAEBBMQQNZ9RZWR,5959.9736
ACCEGKFCXHZZH44S,685.735
SHODXQRRGKZ74U9M,4338.0513
DREE2Y6DVEKVVQQS,4468.752
PBXE8ZHHG5Y525BT,6678.0464
CTTEH9FXZHGFKUA3,8020.92
ACCDXFZXGQTBTM6N,3431.2449
NKCE9PFF3TT4KSQJ,7700.2725
BRAE6NZAZK77HXZK,990.2797
NKCE4TV42BHDP63U,3414.1995
AIREDGGD9RJPZGYW,5763.382
PCSEDAPMHR2HNHWP,8290.42
PACE95FMAFXHZB5C,4530.7036
WATDG4KP445AV5XC,13520.603
ACCE9EYRRNZYZUBG,498.57257
ACCE8XZMAHNC8JVS,734.2561
SHOED5DCSTQKZCGF,3436.661
NKCE64Z4NGBHNAY7,3498.6052
PBXE8WQTZ5GA2YYQ,924.8304
MUGEGZUMGYAPVSZH,4624.065
PBXE4RB3Y3GXWPFV,773.7525
PCSE2ZFDJJGFNHC7,646.79254
CRTECN2QT5HKHZ8F,4933.4204
MUGEACY8Q7ZYSTN8,1544.8716
ACCEGG9VGRMQGHRD,7108.257
PCSE76X48PVSDDVK,1078.4951
PBXE6677X2D6UFZZ,5902.7524
WCKEGGGD2TXHHTJC,322.46606
NKCE7MMGF4PPGNA6,2830.1157
CRTECN2QYTPHK5YQ,5127.7114
OIDEJFCWMMR6JQBE,5794.0293
WATE5HFY4MJX6CHD,5095.8564
DREE4FC4TAR8M5GN,1472.0504
HACEGPF9DZVUZBFY,8611.797
PBXE4Q7YF5KUYJYW,11698.403
SHIED9YEH65NSA8N,10453.357
WATDHMQJ68MVBRFV,13509.992
HMBEGWTFEV4TF2RH,3177.1975
SHIE2FH7YTVDHFGT,2880.245
CRTECN2QYRY2KWZF,4164.2246
TSHEDJXPN4HNT2UP,6031.526
SHOECZH5WGBZHZES,2640.344
NKCEDCT9MSAYG6H5,5650.283
SOCEGGVYBTZPKXVP,4382.4785
PBXECARAQBCDSAZW,3387.679
CAGDU85YDHP9ZJH7,2381.6558
TCVEHSMFEGNCAGYN,5299.1494
RNGEDAPFZ2GKRUER,800.0269
CAGDY9Q7HSNDHGFC,3564.231
NKCECKHYZVHBQU9F,520.0844
NKCDQSVCRH8W73GF,6712.112
WATD9H76RKGUUZHY,13899.426
NKCE5HYVDQVATMKF,2008.3485
RNGE9GWMKVHGEYZG,4311.0767
SHOEAGUMMWFABHUT,3068.746
SWDEGZMPYQGNEBHG,4861.8633
TOPEFDXSHZPHCUAU,9287.851
CAGDU85Y85GDJGUD,938.3395
CAGE4BQXK3FSTRRS,3167.4666
CAGDZVGTV3SMMMBY,5255.301
BEOEGXRVQPCKJHYC,3252.12
NKCE9YFBBYBM88DR,3006.7947
DREECZGZVWGQM23M,3922.4019
PBXECYF3YHWYG4UN,444.50415
WATEBG8FGBPUPKCV,4994.2607
SHIEEJG9RRDUH9XG,3138.886
CRTECN2QXAPEWXSF,2745.2732
BRAEE6YMSYPNCUX3,1576.434
WATE9MVXJXHZHEJU,3210.896
RNGDREYRQQGZAPQM,5772.3228
CTPEGGFSNDQFAAVE,3318.7356
NKCEF2RFAPHSHZZZ,3929.6406
TOPDYAZZG5NU7ZBZ,7037.9565
PBXE7QPWMSS5XGPZ,165.80296
PCSECV3FHFAQ9T36,11957.018
CRNEJB4NBT9BTM84,5242.7314
TSHEHU5RFJCTJKBV,7064.033
DREECZJC3XBKGDZT,5484.4004
SUDEGGATGYXA9YBC,12134.954
BRAE8WYHTVZMFFHS,6114.496
SFFEGZBXTYFSYJQA,4069.8982
ACCEABVYXNHCT8UE,5879.027
BWLE6SJE9PXGV6DD,935.46216
NKCDYQ3RHYREHHYV,3775.8303
NKCECDCRWDMZEH2Z,3035.4282
SRTEH2F6HUZMQ6SJ,7218.465
BRAE6KWFGZFXKPPB,3498.663
HACEJQY5FQRZZUGM,8359.302
CAGEYUXVF2FNARKD,3269.9333
NKCE7M3QTHTCGVVF,3932.2515
TOPE8PBFNH9YNHFK,5020.6206
BRAEDQFRZS9QFYTQ,1433.7966
HMBEJCMMQR2JHFVP,2095.2441
ACCDRFVG52PHVRSK,7378.471
NKCE7MBR4QRBASDQ,3166.6936
NKCDWBPZNZU5K2QZ,3405.5989
BRAE8HMQATXFHFGZ,3400.5479
MUGEAGGKEGCPWWPN,3367.4202
BKPEGXYWWJPETZZA,5310.1323
SGLEGBV6ZNUJNJS9,6247.9272
CAGEYUXVAKNKDUUV,6322.325
NKCEDH9ANZGDAUWG,2960.0925
NKCE5EHJHS38BUWB,3568.2346
PBXE9YWGRFUQXHQH,13101.024
SHIE3QDHP5RDGMZY,2653.987
RNGE9HDVMPVBYPGJ,3293.734
SCHE4YSTCUUSJWCK,2094.236
SNDEGGTV9XERMGHH,7212.25
PBXE92XFUMB7QWY6,8402.773
CRTECN2QYK2R2PUS,4159.6245
TOPEEEPVYHHF9HGW,3315.6353
MUGE8F5RDEYMH4YH,3938.0562
NKCE52CSJ2GUY64G,1427.9115
SHOE2K68QHZ3DWZF,3850.57
DREE9YJHZZHWHAU7,4100.6685
NKCEACYSHS4MGKGY,13146.057
CAGECT64KH6CZVMR,14594.972
WATD9H76RG5FQT5Y,15665.902
NKCE5UY97ACC9QAZ,658.86584
LJGEG6UPBW8GKPRD,4160.5493
PBXEBFGFRM5797BZ,4631.823
RNGEAY8GRWYMYSAK,5320.935
SHOEF9G8WTWGAAFB,3549.3643
PBXE5ZJZSAC73ZED,8511.231
NKCEYYX9HJWJXAA8,3549.732
CAGDTFSHTF6TRBFZ,4438.4614
PBXE6E6YDZDNVKQH,1004.27655
TROEGNQDQNGN99PJ,4355.976
CRTECN2QXC68CTUM,6383.527
CRTECN2QZNXTGGXG,5592.382
VANE4VND2XHZRCNT,985.4167
NKCE8SESMHF2VSRM,3864.5059
SHOEBYY4ZDWGQGEW,7614.7373
NKCEB7935AJSADGR,3777.2634
SHIEBAXYS3FUTX8Z,6493.639
NKCE2YCPKAPWDH8C,2811.765
FABE92NVHZHSFHGT,3307.866
SHIE93YGTRAV6XTW,5797.024
CSOEGTPR39XZHZJY,5022.8267
WATE5HFYHPFHRCHY,5127.6333
BRAEBHCHY6VVRNRQ,1865.85
NKCE5QPMUZRQFDAZ,1830.4366
NKCE9ABEE5HDWZSM,5934.173
SHOEJCZ28JFRY9RR,5674.4272
PSLEAVTQQXEXZYYZ,4941.287
SHOE66V8UMNGZKYM,1145.7515
SHIE5HBGWKWJWFRA,3851.1506
TOPE4HXDZHPR9K2C,1733.6497
BRAEBCTWGWYRWXHC,5668.42
TOPE6ZCJBVZY3HBH,4707.4165
CRNEG7BKMFFYHQ8Z,4844.9624
SHOE7DJBEPYGQPHF,4010.1846
ACCEHY86UG6B63AZ,4879.8984
BLBEJR23J2CTPFAU,6449.8765
ACCEEV5V5VD5DR9C,755.20404
UMBEJZFHE285UEV2,6041.5957
SHOEBN3FFYG75P3D,2941.3853
NKCEFGFURYNWH2DR,4171.0264
ETHEJG7NW4M4AFCZ,7010.0244
SWSE9UH4KXCHZHRJ,3326.773
CRTECN2QZ7XUGBR6,4060.5593
BRAEDNX2NHZX5PKN,9754.025
BRAE73KFJGNSP2NP,1846.0156
MAHEDFPZVKF79JVQ,3834.2776
NKCECRQY6MGHBPQ3,8796.293
CRTECN2QYYWUXHRP,3148.9705
CPCEKY4TKBYFE7PH,5724.319
TOPEA8HNSZB8VGUR,2422.4177
TOPECJZ4ZDXQZB4A,5630.4297
SHIE92XGJHG4HH5E,6261.7144
CRTECN2QVSZXUG7X,4778.7583
BRAEBBYRUSRHZD34,7583.845
IFPEE76BG92E5SVS,5901.1416
CAGEBZ7UGCZZHVTE,54.281834
CAGE3GFTPMNXPZAG,719.6306
SWTEDX3KRCTNHUGY,5984.2144
BBAEFKXVXVM8SYZW,7156.5366
PENEGZ6RHFWHX7JX,1446.2815
ETHEGFZFQT7ZCH3U,3016.263
TOPEE2FFAXQGSUZH,5344.1963
CRTECN2QWAGCHYGC,3847.2434
SNDEJGWQSWNHXXA3,11927.66
BHGEGTAVKNNCPUGG,13272.981
BBAEGNUNHHZEYSPD,600.8759
NKCEANMPZYMHYEA3,781.9806
RNGE88Q9FH632SHU,1153.0076
SNDE7PY9TG8P7YYR,761.67706
SNDEHZQ7YZAHAZYP,4615.361
CRTECN2RDAKXQHYH,3643.1943
SNDEAVZ4MSGYFBUD,1760.2241
RTRDWBPC23ZAYMSE,10483.134
PCSDYQEW5ZMFBVFQ,11002.167
DREECZJBH8KGCZHT,8397.433
CAGED654SQMMADH7,2056.1833
MFLEYGFH8PFBVRDG,5118.9556
SHIEBWNUURZ8BWDZ,4107.9785
BRAECTFYXKNAVFAN,5899.8057
BRAECBVGHCB2FN49,4980.3623
SHOEHX7CGSEMUENU,2404.2424
CRTEB774NHSDW3DV,2183.4026
VLBEGZ7SZFZBUGBZ,6011.6284
BRAEGJFXGYFPGHYG,5076.491
ACCEGKG4S4B7QGGT,1939.359
BBAECKHYXGE3VJXB,1690.3394
BBAEDVYSEN75YZZ7,6485.6895
RTRDYZCGGJFBU6XM,3282.3188
CAGEBTJBB5X8GCF8,845.6526
HLUEJQ3UVGNXSPZG,7687.2334
NKCE8RB5WSWKJPFR,3735.4995
BRAEDFYYKNGBGPF3,6672.068
SHIE2CAJP6XBWPU2,3954.7402
SHOE2GUJW6XNFG3W,620.9883
TWCEJFXHGDSG5XZV,6865.114
NKCE9Z2JYUYZ2JZ3,9902.248
WATE54YZWYXR6Z7J,3826.9224
SWTEEYFFFRWGKZR5,5724.0137
NKCE6NHRGQJHWFDK,5022.078
NKCEYM3B6ZP3YSQQ,3649.4353
PAEE8AHWJWMDAXZU,7546.823
RTRDZK8XCUEKZDFZ,684.1433
TOPEHZMHJHEMRDHY,2962.0881
NKCE9AZMPE3PJPEW,846.5268
BRAEAR7WUYD3CZAT,2614.7256
BRAEG7AYZAQBS3EH,6635.674
BRAEDQEEYYH4WRQK,4700.848
BRAE4F8NCQJFTGEZ,5527.4634
MUGEACY87HUCUYCD,3799.4368
BOTEDSEN9ZSFUUAQ,580.723
WATE3GEYE8JQT7WM,5800.3906
TOPEB96CYHMPMDKH,2472.3142
NKCE5QGT7GFDSUZK,1950.1974
VESEGZRVWZEYTVMG,7021.5503
SCHE4YSTHJSYEJHJ,2963.367
KLSEGT5ZUGR9FQXE,6406.9067
NKCE79CGHYMSS7GH,3184.1323
JEAE8CZGJ8PGGHRQ,828.44727
SHOEC8QGWFF2VXAN,2849.6975
SHIE6G75RNDQSGUQ,1984.8699
SHODZ5YHTEHZTR3V,4200.996
ACCEKFVVZJMTYWPK,3904.7817
DRPEHGFFGQTXK3E3,2889.638
CRGE4XJBHZGHJYGU,7020.41
NKCE9Q93F3HJYGZT,307.91583
SNDEGJFV5J8CTGJV,8214.459
SUDEHYGUMT6UGYAR,3301.4407
RNGE7M92HQECSUYG,6476.274
TOPE7ZHYDE2MKNHF,4113.0225
NKCEBHGBEABMWDKA,5423.6807
PACE7ZNHBP4FASAQ,2638.6147
NKCE7A3XXTTBHHC6,3995.733
WCKE2TFYTHBHTP5B,5258.4443
BRAEDTPDZSCRZCYG,5560.3438
SHOEBKEYSKS87GKG,3422.1802
CAGDUGFYGG2KWWK7,10412.621
SHODZDAE6FKCC8AH,618.8891
SGLEGBV5STVHGKTD,5759.092
RTREBVK9HX8XJH2T,388.86945
PCSEAKVBGC7CJQZT,10348.027
MATEB88T7MVJGSG5,5763.382
WATDJYPXKHPPNGQK,7681.6143
BRAE8QNFFGWGG5MY,1890.2748
NKCDWBPZZSYWKHE9,2079.6519
USGEJPQHT8YPZ7D8,3144.5264
NKCEFKBYHXQ8VVF8,631.3087
SHOE4JCEZDRSHC4S,3071.1394
ACCE9E2RT56M3GSU,4662.2227
CRTECN2QXQGJ7JZD,3669.4668
TOPEBS26V3JRYSF3,709.5753
NKCECZNMRRVZ9YWF,196.52672
CAGE75QCGVXYV78T,2880.4724
WATDG9F74GYWEH4U,1943.7255
BRAE3WVQPYSZ54FF,6579.305
SWSEBHCP9JC4GQKT,4455.172
MUGEBJ7XAFVH25VD,2359.4036
LJGEATZRDCFAJGYZ,5799.467
BRAEBXRB8GFZ6HM6,4546.334
RNGEDAPFZWSSMHYW,1179.7294
DREEHFABXP5AUZA8,5338.182
RTRDFFYGJ4GNRSHQ,9794.527
CBREFYM9TSSUHJSQ,2675.9841
PBXE6EF4PSJX9WXH,3904.4321
CRTEHSS9UZJZYMZD,435.8961
DRPEHYHG9YYHD2HH,4675.0547
CAGE9AGR4VWWTDY4,7884.483
AVCEJCJQWBYMNPGU,2115.637
BRAE7T3WADAJU4ZS,1993.3038
TPYEGGUFSKXJFYY5,7274.635
SUDEHYGU4GE9UCXJ,5579.13
FABEB2TXH4MGQC2H,5104.56
NKCE9G2BZAGKXPGY,4367.5103
TOPE8H5DJWGAY2CD,9393.016
BBAEGGF3HF3ZPBVG,1660.4385
ACCEC87TREZYJJPE,6616.8296
DRPEHYHMEZHDYRK5,3868.1306
NKCE5VAAPVP5DGMZ,450.57925
NKCEBZN92EJ7PDFH,3210.4219
ACCDXFPYT58AGGAF,7277.9683
MUGEGZUHX744RFEN,5845.485
RNGE8Z3KSHGCMSCP,2967.1416
SHIEYZ3F3QWMYNEC,3149.8674
SHOEJCZ2JNGJSPEJ,8573.702
CRTEB774RSGGQZ9U,3467.4001
BRAE8AJZW5QBNWAZ,2310.948
CRTECN2QZ8CWZEFZ,5772.3076
SHIE9FMZAH4U4H6Z,675.9075
CAGE68FFYRMDRF3X,8895.644
NKCE3GNVPGUYY8AZ,3207.042
PCSE4ZQ8TRUZDMEU,1153.8231
PACEC89YGNYZCMC4,815.4855
NKCE9YX24KHRDNHG,2988.5562
FABE88MGUBPCQWR8,2394.7334
ACCEH74HAGTY6W8P,798.549
NKCECGVARVRMARSS,6537.6724
CRTECN2QZXFVEPGG,4186.6006
NKCEC8AZQUFGUXGH,2176.9138
SHOED6C5ZGCBKTP2,2623.2822
RTRD7HN3BBE7G9YT,3448.3071
ACCEA8JPDNTF7NZN,1719.7542
NKCEBHGBAFBCXXYC,999.0962
PCSEC86VGEWVKHWZ,13743.59
SHOE3URGYEVZ55GD,2869.8264
NKCE9PFFQHU7GTU7,9661.839
CRTECN2RCH9CG4SA,5984.712
TSHEHU5RWUGEAJFE,5195.231
PBXE92G5YEA7JAHZ,5053.647
ACCE8XUCYRB9ATHZ,4301.3506
CRTECN2QWEDYMDNQ,843.03436
PTPEYCF7GZU2T54E,2296.4565
SHOEC9FZ3BAF7ASF,4052.9268
CAGE7DSFQGVEGHC8,6020.6875
SHODUMFYWTPDYNX6,5255.415
ACCE6P3BBZD72UJ6,817.69006
NKCEFG3CHGEHMRTD,3193.3352
RNGEDAKBYYVCFWZP,7574.4746
TROEGZ65YHBQKG9T,5565.3955
BRAEDSKCXVNYXGA6,1779.0402
NKCE9ZVGMHZVTF2D,4838.788
WATDUKHHH4SQXDAK,5388.787
CAGE745BJ67RZCRR,2259.7832
PCSEAKVBNSFWGBGE,1281.3776
TSHEHV9TPRUBUENE,4501.5483
SHOEY8RMVZV3UY3A,3967.861
TOPEGWUTW6GWYSBE,2213.5784
ACCDQDYBYVQZNHCH,8809.128
MUGEBFGF6MDQGHBG,3932.2515
CAGE6HHHUHFQSAPW,663.038
RNGE7GVYAP66GRDD,4236.4927
PBXE5SUCYEBBSFXJ,10413.488
BRAEBBMQZBZHCFAJ,4523.9414
BRAEAC839PBQV9KF,1191.4598
BRAEAW9HT2EUZD3X,2216.9802
SHIE2QTSMSXF9QAH,3813.2644
RTRD6FYYWFHEYJYE,5509.8745
CAGEFPY9ZSFFNVAW,9872.914
ACCEGKTSGJEEVTZ4,903.73737
AIREDJCGZN2HKZHJ,3143.7107
BRAEA5MZ8VZHNGGH,7642.3145
CRTECN2QX53WHTKZ,2744.3896
JWSEBCY4HDWGJZBT,1404.2792
BRAEB2ZTVYY3UKWA,1782.6257
WATDZMBRPYAYTP4G,7214.543
TOPE7WAUFEYYDXKG,10298.044
TSHE4DTF53HPYMU4,4078.1462
BLAEE3YXZGWWT8UD,6237.905
RNGE7M925YCWZZRR,6646.606
BKPEGXWHXG4GZWET,1168.7863
RTRE8GJUFNETVUMZ,5313.8384
SWTECXPHFVTHWJF7,11094.627
SHIECKYBNNY2BNZD,4504.0146
WATE7GP3JZMFEGZG,11095.555
CAGE68FFHZRTSZS5,4039.874
ACCEGYP2TMX2NUPH,5565.4766
NKCE9YFBBNJ82UVB,4059.5503
HMBDRUCNJSJQRRGC,6629.855
CAGE3GFTQ3UHZ4TC,814.72217
NKCDTAXF2EYZ7MP8,2955.066
LJGEYSUNTPQZG4ZG,887.9394
TOPEGF4KEGGVMSXX,5634.8276
TSHECQKNFFER2ERM,3671.5515
PBXE9YWGTS7NGYKT,2137.4905
WATDZ5HGXEYDHBWD,12597.966
PRCDVFAFM2FPJBMZ,1761.2302
PTPE2F33QGYXMHGW,4236.4927
KRTEJCZ4M7FD3NJS,2515.3877
NKCEAPCYFBP4UJ3V,2937.5627
CAGEBTJBRFGAUQQB,5325.4224
MUGEAGGKZFYBUMP9,2507.1055
ACCEAZCVGGGWZGKU,761.465
CRTECN2QVV7UJQNH,4885.6514
NKCDXEGWS7VWXSEJ,2733.9348
NKCDY44FMPNQHFFN,1486.6439
NKCE8JXS2AAKUGGD,3822.3975
RNGE88FRWWZECGGM,7104.349
BRAE7GU9K3E2PWGC,302.21628
VASEHU9W3N9RDPGZ,7589.8467
PCSEC86VSX45XVZS,12424.206
NKCE49ATF8BFHDVP,1603.1619
KTAEHETVCXXZRXGK,10687.918
KTAEHE9HAED4VUQB,5299.915
PACE472CMNPGQY2W,2533.0654
NKCEAPCYFTHYVARD,547.9919
SHODPH4GZWVXE5RB,1006.6206
BRAEB3KBY393GUHA,10552.678
BRAEB2S8RZZRXMT3,2312.9053
PCSEAH5WWRYGEVGZ,7917.451
NKCEAVZ3C9CRDB6Z,403.51843
RTRDZTF9URF2UFPF,9102.301
CAGE6HYJDNZJVADS,4699.531
SWSEBHCPZGHMBKJY,3880.2925
ACCDQGVSDZ92ZWGW,2916.0696
NKCE4CSZUZWHUTFS,540.1509
ACCEGKFHRFGN6XZB,802.3363
BRAECGQ4GW73HJFV,998.0323
CRTECN2QXZ9ETCGB,3713.9277
MUGE6A5HZUJ924WH,2400.4126
BRAEE6YMK83RB9MZ,790.0066
TMLED6G5MJQGNZHS,4674.0015
NKCEFGFUZURHNH6R,3020.868
NKCE7ZPRQX9SBZXN,2306.6191
VANE3KUFUXF2CVHU,5340.7017
NKCED6EYN4ZPK9AA,8176.957
RNGEDF5HDGKZGA3T,1220.813
ACCEAZCVVFPBJAGB,1126.9281
PBXEDCSE8CHTATYY,4544.2837
TOPEFYB6HRPPCD8R,7006.463
RTRDTSBQW94HJ8VT,3.945591
NKCEYGTGJ65HSJ9Y,2313.3625
NKCEFFFPGEJSTBJP,655.5002
NKCDYASFYGXZESTM,3348.9248
NKCE6SR4H3EHXWNA,3704.1704
AUDCY8T7KPEG3ZZF,6057.071
NKCDWBPZCHZEYT7S,3707.192
NKCDYARBFFBQYKFH,3867.3098
TOPEBZYTWUYMJXSG,5066.4727
DRPEG3ZH7GJFFZDM,6298.8833
SNDE6KNAQN3GFRQG,7532.1387
WFCEHYZMGJQWVVZU,5642.646
ACCEGZ6BRBTGQWZY,4105.081
CRTECN2QXH4N9WZS,2505.812
PTPDZYCEDURXTYRF,2044.2017
ARPEEMC95HMYAJNH,5479.1655
SFFEGKYYDWTZTEQC,4327.6235
PCSEC86VCFQYV6QG,6371.937
BCHEHYMBZQ8ABUUY,1697.0198
RNGE87FCQJ9GRKWZ,5010.134
NKCE5ZHWX6Z8PBFH,2044.2987
BRFEJYHNGYSX9T9D,3200.8494
TOPE7ZHYQFFHPCBX,4784.0527
CAGED6YFBH8NZQM8,634.96106
STREDF58JH3GQZF9,2732.1443
BRAEA5MZDQKHUQCT,3267.779
MUGEBFGF6ZUHKH4C,695.75653
CRTECYY4GFDJFKBD,4798.835
WATDZRZGZAM7HDGV,7338.852
CRTEHSSCVTZ3DB72,965.6658
NKCDXZGUZKNYVXG9,11311.663
TOPEBN6MZNGGZEMY,10562.239
MUGEACY8VQRMM4FX,2371.7922
NKCE5UY9HQTQ8TBG,7461.1943
SCHE4ZYTVE8DY5PP,3379.4558
RNGE9GWPJH9MMNWX,5992.1567
CAGE8FG3CYVFG2GM,2650.8923
SHIEHXZMQPC4GT6F,818.0399
ACBEHDU9Z9DGZP9Z,5571.855
BRAE6KWFPZWJ2FHH,2004.244
TSHE8CAWEGE3CUPM,3526.8276
SHIE9J6PFGP9DZAH,4255.974
CAGEYFZWNCKDDXXQ,1332.5554
JCKEEABZDWF9VU7N,6993.2104
SOPEJ7SCRS3SKFGP,4045.0483
WATE9MVXHMTCFZSP,770.0109
CRTECN2QXMXFUYRD,1355.1353
RNGE96Y49HCWGUGH,817.328
BRAE9RDQYNWZBYJF,1988.7847
RTRECFHX3TDFD9SP,8295.654
BRAE59YTMB36ZVFG,8255.709
ACCEGZ6B9MYUTYST,6461.2935
SHIEF8DUHZJP8MVC,693.6192
LJGEG52SCZ5WZBKZ,4435.634
SHTECN9HDECRYPF8,6955.803
CSKEH3JPF4EJVBSF,6970.0083
BRAEBBYRYT9WDJRQ,1041.7244
SFFEGGJYFJWAV4HV,3509.7063
CBKEHGUY3GEHDSFY,5549.728
NKCE73V3DADAVHDU,4019.8533
TOPEGF6QDCGCHHXY,827.68097
RNGE3YSWFWYYHNCA,5995.63
NKCE8HSQJQBPRSGY,6323.7944
CAGDU9C3QVCBMQKQ,3532.5999
BRAEDQDFMNC6MQZW,1176.2369
SHOECB92BGNGSZGZ,716.5703
DREEAVBXKQUUVJUT,4442.734
WCKE2TFYZGPGDGGV,4216.8706
CAGE9AGRUGPHV5FM,6917.439
BRAEBB6TT8GKVG8A,2131.9185
CRTECN2QUCSMF4SX,2849.6975
BCHEHYUKDZZPZBH2,1971.2737
BRAE8JUHJB794RZY,7530.614
BRAE4DJMZCWYGDJU,5096.476
GLSEJGVBRQMYV7NE,6877.1797
NKCE9Q93HRESPRBU,5882.6753
NKCECATQF8ZXGXJS,682.1528
ETHEJG7NHGRFGHHK,11214.065
NKCEASCZBAEB2Y63,2633.5278
ACCDSY8ERUYRYSUA,1377.9172
BRAEDH76V3J4FBWQ,6519.216
HACEGPF9FJFJQU2R,613.96075
ACCEGBTPV5PPBHVD,5907.5645
PCSEAH5WCDGS8YCZ,2643.7273
RTRDRUZCPNJ3MTAT,729.67114
PBXE68H4WBX5AFCH,3273.468
RNGEHFDYHVSR3SMH,2976.0598
DREEDR97ZHGNPWFR,5247.8066
NKCE9ZGXGSETFAZU,2742.2644
SWDEGU4MDSDGGJHN,1148.8228
PCSE3X2TJCZGDYYZ,16562.33
MUGEACY86QBJGTZA,4078.1462
CRTECN2QXC7HYKPG,8374.883
NKCDTAXFXWPKGZAN,582.5081
USGE9ZHVSVH9FVHP,1088.2946
TROEHQYAHGHUEXXZ,6203.247
NKCED8SK6UNMAZST,6514.996
TUNE8XCD5NGNPDYJ,1351.3401
KRTE7X8NADSVDEET,7671.1406
FABE789N7XA5E9GY,3845.6055
IRNEGYYU2ZVJQQ5T,4477.793
ACCEH5Z2YUKYQBFP,4511.171
FABEADKAG5XYGZHK,2787.057
BRAEDSGAUHAZHBY5,6268.398
CSKEH3JPCEGTMZFP,3618.346
SUDEGVG6YTPMYPU4,1820.9617
NKCE48ZU6EAYFSCM,2193.4456
SNDEDFE6QPNQRAXF,9329.09
SFFEGP24CR5VDNZC,7106.4214
TOPEGGE5GRFUTGGB,8476.047
EMLEGMZRZGDARGR8,3859.7966
CRTECN2QVPG3DY7K,2823.762
MUGE8VY8HZAM3ZRK,746.9831
SNDEGAJFFK2KKKRF,4407.2744
BRAEDASWQDSYNUV3,7372.853
PCSDY5AHM2SEJM4K,5783.5015
NKCECG6ZNH9NXFFH,3986.669
WATECE855W5YFE3H,2838.6462
SHODWMHHCXTD47NQ,5503.3325
CRTECN2QYCZPHYHH,2849.6975
GOGEHZ5P6TWYBFXB,2515.3877
TCVEHSMY2TNTCKNC,7766.6426
SFFEH2FGABYNF47W,5301.2993
MUGEAGGKZFD7ME7F,1805.0793
TOPE7QTUGVGEFKH6,3616.889
TSHE4S26ZSFE9JTB,3256.6545
MUGEGZUJBNU4Y2CH,628.68854
WATDUNJ7PGYUWDGQ,8465.809
NKCEAJKYW5CDKBEV,9185.063
PACDZUDMCHKDHGXA,3114.2888
BRAE8TFHGXKFFMAQ,1689.246
NKCE87C3JAXKXZRJ,2728.0393
NKCECQYZ24MSM3ZZ,3875.0488
SNDECZJR6APCXEZ4,10951.672
TOPED9T3FXS8CP8M,5784.2056
ECIEF7MGVGZAZMGG,4746.079
SHIE7DFNYZC6YWTT,521.8913
SUDEJFBRVYEUZUDH,3133.644
MNKEYGQMJHGZ4ZRX,1847.4592
BRAE8MVUMSMBMNJS,3277.7026
NKCEBBYSAJKEEQ8K,2830.6182
SNDE9WZJJ8YXWU5Q,8730.846
CRTECN2QSXEHJHR5,3931.8123
BRAE9TBZWWACJHJ8,2805.6277
SHIE9FMP3RBSYMEV,6851.221
DREE4DF4DQYMGDJV,5208.234
NKCECZKQGZXVZ2RY,10210.501
DRPEHYHKYSXETBBJ,3860.2717
LJGE9UG8WCYXPCHA,4491.4253
GLSEHFUGQRHPBV8D,639.177
TOPE954FERN5VZYH,4822.5405
TOPE7JZU5WZZVYDT,8316.827
JWSECGFU8YKHTSMU,3629.9731
RTREF3PRF3M9FMEF,3635.3684
PTPEAT32HSGZFHVY,3194.9233
TSHEHU5RQSZZHSKF,6069.087
NKCE2RPCN6RCTGDG,6245.625
ACCE45UGGC7GVAVG,6577.841
WATEBFPXFYMWJGJZ,8615.457
DRPEFZDBMRGECGZG,5222.655
TOPE2HZRFKVVTCKU,4349.8296
CRTECN2QYKFNFXCZ,2108.3516
PCSEC86VEVSKD5ZY,1819.7144
SGLE8YSWHJAGP3WJ,9364.938
RNGE88Q9HE9RQYEM,9364.938
CRTEA7HAFUMPQNHJ,4562.192
TUNEB42QBZHYP57B,3459.8396
MTYEGUA2VUJ9UDGX,10589.17
PAEE8NDKHJ7ERAPT,6631.02
SCFEHDJKTM826ZRA,4733.4644
RTRDFFYGKJAXPUUG,546.73926
BRAEDQDFGYCZUFEJ,1614.2871
WATDK2G2WM5XHF9S,6334.3135
BRAE3P8YWVZGNYZH,5699.2573
BRAEBKJSNVGDG4DP,2656.3562
MUGE7DUFGUZDQMTQ,2025.2957
BRAE7Y46JXZJHN47,6750.549
CRTECN2QVB7UDF2P,2428.7175
CAGE76FNT9D99PZK,2884.13
MUGEAGGKHFAM4YZG,492.22275
DREECRS4EHXNA9UH,4030.7144
NKCDU4RZC2AFABJV,2992.1091
SNDECYHFHV7XHZNN,8062.982
DRPEHYHGSSEPB6HW,4921.7217
MUGEGZUHVZ4Y85DV,3719.6438
BRAEBBMQYHRSZ5JC,2509.7483
NKCEAPCXCP8GZG5Y,2416.0269
RNGDWKZN9DSHFHYY,3382.5452
PACEB7GGJXVVDZFZ,1912.4749
BRAEDQDFSDVTSSWK,2254.247
NKCDWBPZAJH88YAZ,3273.592
NKCEB774SNZGVYW3,671.1973
RNGE88FRA9DMA4UZ,3967.433
BDSEJJ6USEQZS3QA,1298.9695
MUGE9HRRKMGKHMRT,843.03436
NKCEAX7HH7BFTFHF,3811.6404
NKCDUYA5PQWDKMBZ,2507.9197
WATEFWP4V5ZEHZZY,3376.2668
BRAE8QNFXPTNHXKB,6998.0083
NKCDWBPZGZJNYCCS,3629.969
BRAEDZ7TZNFQTXZA,2093.3032
CSPEGNS9GZVAGRY7,5096.851
NKCE6XU6DA4HYYGN,3584.5017
CRTECN2QYMHJKQ3G,232.19531
LJGEATZSESZPRQX3,3318.7356
CAGEBTGHSVHHWPG6,8299.8
SOCEJZT8FMXJ8VHZ,5097.5503
FLUEGKG2K93HY9TC,3936.228
SUDEHYGVDNRHYPTW,5826.627
NKCECZKQCFGWJ36A,2430.3801
TOPEHZNQGZJYYJHE,748.9464
NKCECGVBWQWGZUVG,1714.868
BRAEDUXKVAPEV9G6,7323.7417
RTRDYYTZSUUNFFUT,495.8455
BRAE3WVQZZUJA4JW,5531.5664
PELEGHQP8GMXYF6V,3312.199
NKCE9YFCEG5FXMAH,3579.1355
TOPDZGV8GUEXZNUT,4996.2266
WATDZ5HGRGZG4AFT,9142.661
MUGEACY8DDWFGRUA,2198.9521
RTRE7FT9VKRGNTRR,8295.654
RNGE7M9279JQH6M2,6378.639
RNGE86J7VJNYBSHZ,3409.7786
TOPEHZSMJYWRYH8F,546.3248
BLAEE3YX3WETHSZD,6146.114
ACCEAZCVEKWMNSEY,1424.3209
SHIEB7A6NCNJNZJD,4173.707
WATE2FAHHP3FEYG6,9132.601
TOPE9PSGHRKUCXKM,6238.247
MUGEAGGKKDAXEA36,3705.9712
TOPDX9TF4PYJMX7B,3199.4229
SHIE9J6PVG9ZE9M5,3801.949
TOPDZFGCFH8AMJ4B,4746.9062
RNGEA9ZXDDFHAVMZ,530.5132
PLLEHQV78ZFHTE7X,2878.8953
BRAEDTGQMXYVF7NB,1026.9355
CRTECN2QVSZP8JDW,477.67142
KRTE5PEEG7YAGENZ,11240.425
NKCECGVBKYNJGZZQ,4163.335
RNGEDAK2KK6VXQQ5,7329.219
RTREF3PGZGTGBHT7,6307.0513
MUGEYYXFNGQ6A3FP,3734.607
SLOEBHYNHETSRBXN,6011.857
ARPEGDHSXZJSHGSN,3358.8975
NKCECPHGBUZPN2KU,5818.801
VSBEGBH9QBHT2MQF,1085.8948
BRAEB2ZTXQQTYTEP,2141.5957
PANEENEMG9NPM2QQ,729.4524
SNDEHZQ7MMN272VX,3851.8809
NKCED2ZGYAP3UKJY,6302.5684
PCSEC86VKYNCPSDK,1890.2588
PBXEBYHYS3UXVBE5,4866.6377
NKCE8ZJ2PXWJQZZX,2772.9321
AIREGHYGSZKZYZBB,4215.0874
HMBEE965MNXMUSFY,6760.6543
HAREGG26JVZYCC8B,1984.637
JEAE2KFRBNFZFWE6,3146.1997
DIAEJUCFFWRXYACA,5404.7754
PCSE76X4U7MFDPUZ,10723.088
MUGEGZUHAVWFHSER,5054.4946
TCVEHSMFHCPGH9QJ,760.92926
NKCEFNPJ5M9JZJR7,2259.3328
PTGEGUP5KM48MRRW,654.51276
KRTECAVZHVTGR2YV,7047.9565
JWSE9KZTWGWKVYYH,6536.1055
PCSE95HXQE744G8Z,5241.7393
DREEGZ4CUZH5CATV,4263.1626
BRAEDQF7KGNJ2EEW,8882.94
PTPE4P39G9SVGHRZ,626.79846
NKCE4PZ6HYWFZUAN,551.70056
SNDEDFYPJFHXG98W,2842.8064
TSHEHU5RWCQXRWF9,4379.383
CRTECN2QYVBX5Y4W,1069.2878
NKCE8HVPEPWAU2HF,2768.3264
PTGEGUZVM4X9XZWG,9568.813
BRAEDH76Q44DNY23,8302.572
INKEF7WMPUEH9G4V,3841.964
CRTECN2QS5JJAFVP,5752.1665
SHOE2FQCE3QFC8ZM,3878.0737
TOPEEEPV4GFFSHJG,6134.444
PACE43HF8JWNA2GY,3307.5383
PBXEAHTCHTG62WSA,3303.1836
PADEHZFJGQNSEVKC,4214.2
BRAEDQFRZAAEWCDT,2852.7415
BRAEDSKCJJUEVC6B,1706.6777
WATE8PBFZKV5BYDZ,11839.389
SNDEHYMXZTFRYZQV,6264.56
NKCDXYFHPJ4UNFPU,3843.2915
RTRECTV9PSVC8Z9Y,1767.5345
BRAEDXPFA43N8HW9,7344.9883
PCSE4C9YYYYXGNFH,8416.872
MUGEACY82SGHCHYY,5213.8223
CAGE7UCEDBWHWF48,3203.836
ACCEDTNRADHZ35UD,1091.9359
SHOECKEYFVTA6E8S,6479.9834
CRTECN2QTK6FRYHR,2961.5042
NKCE7MMG7YSJCBZG,483.98978
PTPEDDXTMZKMNXHX,4433.558
ANKEGPVMFV9BJBJM,6060.2188
BRAE8WPSGGK9DQHX,3958.3306
KHREH26Z6GEDTYYH,1082.56
NKCE9YX4TREBP4UZ,402.46503
SHIEHYHMWMYPDFSU,4451.031
BRAE7KQVYF75XZRE,5357.2285
TSHEHU5RHTSZSCAY,6482.425
PAEE8EZHZFKKYMVK,6156.394
NKCE7PZPCSNSCHWT,4002.0835
CAGEBFPEVT4JFGPC,3177.1975
NKCEBBYSAMV3GRMV,3050.979
PAEEAMGFHMZW72XN,5986.687
DRPEHYHNCZXNYFZH,1826.6764
NKCEFAG9U4ZHRHKU,3773.7908
BRAE5F3KGW3JVKJH,1649.9138
JWSEBUKYNF45Q8DG,4540.746
BBAEGJFRDFNK9FCH,5694.169
SHIEBY82HGZCTH5D,3809.399
JUMEHUFGYXJYP29C,9336.61
MUGEAGGKY7DVDTYA,3668.639
SHOEBGHJZB2UKFC4,4127.4077
CRTECN2QYUDAZJ8T,2523.065
WATDEWZ9UMDYPWYC,2230.1238
TROEGZ8QS74W4XR8,10562.239
BRAEGJFX4ZCMZHH6,1275.7424
NKCECJPCUYJZZQTR,529.34247
BLAEE6KTUAEBTDKS,9481.594
MUGEACY8TXGZFHKY,501.86322
BRAE8EHTNDJHDDAD,1823.3033
NKCEBFWTTMZH9MAR,4996.9966
FSEEHXHFG6KCYVVU,6679.634
WATE3YHHFFCUGZFB,4012.425
BRAEAM6PF9YRAWWQ,7641.2056
DTHEHTAZPGKDZXWH,4235.693
BRAE7V2UXPZMDHQ7,7236.8745
CNBEJ9EDXWN8HQUU,4006.7236
TOPECYENWHHDGFCH,3833.9802
BOLEHUEBRTVCGWMK,3774.3237
TOPE8H5DGZH8GTDC,7831.906
PAEE8G6NHEZMBWGH,7835.0693
LJGEG57E8US6WQWE,3012.7715
NKCEAVVRVBGADAHE,8484.005
SHIEFZ2GJGAHATFG,2329.7805
NKCDZJB8WUWBH49M,3683.7595
HAREG4928QYXAP3E,7370.3496
PBXEBQGM4J4AWAWF,5646.1426
JGTECTXNVGH5GYM5,5260.345
SHIECPXYNJ8UHGFN,7244.052
NKCDWBPZ42YGY39Q,1046.0194
WATD9H76N5WQYVGJ,9177.04
ACCEBWRHKPQCGJNF,4825.593
NKCEB2S9MFVUCSQU,2225.7732
CRTECN2QVHHZ5THC,3485.0256
NKCDUEHCBEY7YZV8,1733.6497
SHOED5DCYU8HWRDH,3118.502
ACCDQDYBKTC6G9GH,8827.564
WATECVGYJXPGREKD,509.39862
NKCE7TZG9AG6F3YB,4179.178
PBXED6C4RKBW8SRE,485.51538
CRTECN2QXHMJ87BG,2398.5757
SNDEGFJHB7XH9YPW,654.9515
NKCEAVZ3ECSBFANG,4047.8037
BRAEB9ZNSUGGSFQV,4627.1396
WATE9CFHPAEU3G4B,5158.587
NKCDYQ3RWGURBTAV,1057.5151
BRAECRHEHYDVDRTG,2258.5828
NKCED8HZ3VQRHGGF,618.2575
BKPEGUJHQSJUZBVF,662.9508
BRAECHF3WZHZBQX2,2248.7844
BRAECQGS8RZDBQXM,1876.8883
BRAEDNX2TYZYQQZ2,3790.187
NKCEDAN8ZMVMTDMB,5634.3823
TUNEBE8ADAYHZ4PG,8296.561
BRAEDN37XKYGFKGR,8214.49
CRTECN2QYUBADBHF,3582.883
SGLEGBV6USTHRNDH,3842.9321
NKCEAPCWZTGKKMGW,3132.9124
NKCDSRPAFNQEXDZG,885.4708
ACCEGNVADAYPFTER,4013.6548
SHOECP78YDYPYPSE,3715.9795
NKCECKHZPB2JMPGF,11714.642
CAGE79CEHJZX52XS,3190.762
SHOEH4FSHEDEMVTM,3555.46
NKCE5UY9JMZP9NGF,6297.115
RNGEDAKAZXTGZNAM,5899.8057
BRAE5PKZBZGYZEMH,7977.1187
WATD9H76GH2CHZ48,1797.7789
ELWEG4DCHBUNHUAD,5828.683
BRAEBBMQJ9ARUWCH,1801.685
MUGEACY8FADKRHPW,1858.8972
SHIE53GCQDQEK7SF,5969.625
TKPEG2Z2CWU9AHXG,801.0115
TOPEGGA6H622PCDF,2170.9036
RNGEFP2XDHURBWYP,1176.401
WATE5HFYAAFVDZMJ,8200.844
HLUEJQ3TART8YBKJ,10204.913
BDDEH93ZEEZY7CHM,696.586
SHOECXPMAQXZ3QPH,4004.0012
BRAE8X2ZZMYUZGGU,1645.9789
CRTECN2RCWZTMS2F,2575.42
PHFEGJGHPSYKMHES,2002.7307
NKCEDHHPRYYZURBG,7295.127
DSEEHETVWRX9FZDT,936.40247
TOPE7H6NJKNYWBGN,2558.1226
BRAEAM5DR9NS5XPE,4256.658
BBOEGP4HM4C5WXVC,1297.289
TOPE7ZHZJY9AJM7H,6363.2437
BRFEHWGA3B6YEWNG,2330.0605
MUGEAGGKRHSXEGCV,3715.9795
NKCE6TNZZKEGKPGA,4208.3457
ACCEGH6RPWY9DHAB,6065.8525
SHIEBJH8XQ2TEASA,1762.3041
GLSEHFJZGQDR9Y6Q,5651.9814
ACCDQDYBDNZRPMSW,1205.9243
CRTECN2QVH5KUGW4,4159.6245
CRTEB774JMYWBRMV,4390.3145
BRAEAW9HUAWTZGSH,3305.776
BRAEGJFXJGTRFEYE,1338.9036
SHIECRX5GAVFAKJ7,2764.6267
PCSEC86VU9PMZYMP,8314.02
WATE8C5ZUTSGNEMF,3188.2546
NKCE2W3WYQZ7TCRA,707.7295
BRAE7DRSNFESBUYT,5553.0737
PBXEBSMZKB3GTTS8,8503.518
CAGE9ABAYFMUUH45,378.50742
DREE8MF7NWZUYSBV,9423.224
BRAE3WVQHJWKQZHZ,1956.3743
SHTEB5MNYHJJQGBJ,4034.0627
PAEE7A8QGN6WSYAG,12896.413
MUGEACY8QAHZFFXV,2186.2156
AVCEJCHZ2GVMBVP2,577.3966
CAGEBTGG3AZRBFHE,2859.337
TSHEGGCKYG5GGGMU,3159.162
MUGEAGGKKZBHTBHW,2934.8787
PBXE7NYSPF4FKVY6,3305.776
ARPEEMCAMGADRCGQ,4034.0586
ACCEF3Z2XMEEJVWE,7708.5723
SHOEFMRZZAXFQW4F,5207.337
TWTEHH2B5EZ4PK6U,4937.295
WATDXFGTMYAAZYW8,3113.417
SHIE9J6PPZ44RZDK,4476.5435
NKCED6EXHFFHUFEW,13255.92
PBXE78PHEKYZRPSC,9872.914
CAYEJFYZ6B73NUMH,156.91364
BRAE8RSAHXUVA9FQ,1675.5044
NKCE9W4ZNQGHCENM,1217.798
SHTEDWHGGHUZZTMZ,1078.4951
NKCE7ZPRDS6PZTAA,2282.864
SWTEDVZZ92PX48ZY,4768.4175
PCSEC86VZVTTBKJE,8220.539
TKPDS6ZEWH4KF3SJ,7507.7095
NKCE2B57DXAZBYER,2359.0142
MUGE6A5HP6TG9YCQ,2005.5708
BRAEB2S8SVFDT9HA,3307.7017
FABE88MH9NNKPM4H,3615.8962
WBTDMEZTUWBPD5DM,4291.4976
VANE8KP4GWZPNKQZ,5719.855
PCSE9R7E3AFG7F9H,1319.136
ACCE8XZMBCKRGRVS,1643.4125
BAAEGHPNYQ5JMZNZ,7640.7847
NKCEASCZT3V6YGJV,2682.3228
TOPEYJZ7PUP4YRP3,2911.1921
PCSE4VAVUPCMZZ7A,4314.9307
BRAE5F3KHHPXDMUR,2522.9783
CRTEJU6FJTEHSVTR,4827.045
PTPDVPFYEKTVFEZ8,2793.7102
JEAEHYZRRZDZZNWT,5859.7734
JWSDYFUFNYBSDY6B,874.9838
CCVEFX3XNKFEF843,7359.052
PACE66XREPHDU3NH,4495.4106
SUDEGGB3E5K4UNYW,757.7522
NKCEB3ZCW2HXUSFX,1695.1602
PCSEBFEH9XA3B2DF,3009.1838
BRAEBCY3JXSJFNZH,2267.6377
CLTEHE9GGXJKCWCV,5076.491
CAGE5QJG2PSHZA28,273.39917
BRAEFR6JZXBQ9NJK,8290.638
BRAEBCY3V4ZR8UUU,6270.962
DREE3KKW8HYZJHZY,3820.4006
FABE92NVVHWSKHAX,4478.002
CBKEJ3AZYYJTEHK6,5744.252
SHIEA6YUZCDGZUCG,3994.78
SHIE9J6PYBXBYHRZ,2205.252
FABEADKA9VBM9DTM,4611.523
BRAEB2S8TG98KYGJ,10219.453
CRTECN2QX4FC2UAC,2663.7856
NKCEAQPGSPXZDCSA,5522.6655
NKCE5TFVHZDZTAYH,3527.4673
BRAECCDUHY5DYWFW,2628.7124
NKCEFFFP9THXHT7P,2100.6418
DREEAVB2QKSZN4HH,3918.0017
SNDEGSZD4WHWUEPU,7126.023
NKCEA5FHH53NDT9H,4123.8604
NKCDU4RZYTKBTQPC,2990.0132
MUGEBFGFT2CSSGVM,1307.5311
PCSE2ZFDQHP9ENMD,8138.8926
SHOE3TZMQHKWG7TT,5172.1343
SOCEGHFY7ZZ9G48G,3822.9153
SHOEJUQGNBAHYR3E,6603.1353
PCSDY5AFFHEADFCS,7672.2856
BRAEGJFXJR4GPU2C,963.75665
NKCE5UZHWVVB7FCU,3364.8933
BRAEBBYRHPZNNP6Z,1193.201
PCSE98DZU6XXGY3C,6761.4424
NKCE4PZ6UJQG9QQE,1451.8695
PASEA46QFBTUGATC,2082.76
CRTECN2QZAQWXEKU,3418.552
CRTECN2QUHEXQ5BG,4936.023
CAGE9ENYESDHRAZG,5234.808
SLIEHUFGN6EAJZZV,1866.7438
BRAE7KQVPZXEUTHY,8538.97
BRAE9RDPFQQHHNNE,8297.789
SHIE853ADDAHYSFQ,1992.6525
PCSE9HAGHNGNRHZD,13245.318
WATE7VE24DXUPMAG,8998.556
PBXE4WZJC3ZN8NFC,10515.308
CAGE6GQCC6YG7FTD,7216.3594
PCSE6SJGNDGTHPGR,921.4169
TSHEGCZTUAZAYE7G,3147.1619
PCSE9YCZXDYVMBYZ,4059.2317
DREEDR97RXXXSZXX,2329.7422
BRAE8UZGGRVBCEHM,8483.287
PBXE5YG7JZP48WAF,6440.977
TOPE4NB7QJFGX4PV,5536.8916
NKCE6SR49QBZZHMP,10928.391
ACCE8XZMFNFCDPXE,6719.2627
NKCE45SJXTBHBFPX,5289.2964
CRTECN2QVVZWDMVZ,2614.7375
MUGECEVFM93JBPEW,3806.9028
PCSECV3F9MXQZH3V,214.9828
NKCE2RPCH7YGSPX9,5649.2026
SHOECVMMYCMGFZZP,3030.2427
SHTEDFFJMHZWSYT2,4382.4023
NKCEAZ6FBHSGCGAN,4166.019
NKCEGZZGGGDCERGH,7194.5166
NKCDU4RZZAMFHSQY,3863.3801
CAGED6YFXAHXJSDH,1581.9366
WCTEHU6FYRC6WWCG,4022.562
WATDZ5HGFJCH2FGY,8041.9917
IDMEHY86YP4NFZUG,3301.3755
NKCEFERXYKGHFACG,5086.506
PBXEDDEFFMKZM3HG,665.99664
VLBEJKMQ9QZS8ZXH,109.323906
DREEG9JRZUZM5CBH,5677.772
NKCE6GJ5JHFKSM6T,5471.1484
SHOEG5XHVBSU5BRW,4436.7812
BOTEEWFAGTNGUQ5A,4581.9517
ACCEGUY9XYXUMRDA,6914.189
CRTECN2QUBFBECYZ,7547.079
CRTECN2QSWDGMGZZ,4116.303
SHOECSWQCEZRR82X,891.2847
WATDZ5HGGUGHEZMH,7857.132
NKCED8EGPHGKRPBH,5726.92
CWDEGNNW8YCD2VHQ,5766.2925
PBXE89GKDPBANA86,770.4891
ACCEA7PVQP8H27UH,1368.7594
JCKEEB5YX5Q8HYBM,2342.435
CAGE8PKGVCNS7JCH,5918.683
NDNEBA9VUFJGTDEE,682.56866
BLUEJQRHM9VA48GF,6086.697
PCSE6SJGCFMBG5PU,7184.0596
SHOEJP2GGGP2GGPB,1362.4846
CAGE8TQ8A7TPFYZN,1966.7332
TSHECHFVV3F5FHK2,3601.823
TOPE3NVYHZNAEPHA,726.0731
BDGEGEGCZ5ZDXBX9,11246.981
PCSE3YFFCYQVRNYX,6200.072
CRTECN2QW9H2NWF2,2936.3582
TOPE7ZHY4ZX6VHYU,4420.1987
NKCE9GY4ZH4Q4K69,160.7685
KLSEGTBP3VQPZTHF,3532.209
BRAEGGFEQRWYDHHK,4163.214
PACECF9NDZG39YPR,4985.0337
SNDEGZ8XGC4BWUZF,5899.8057
CRTECN2QZVM6SHSJ,2841.7817
SFFEGJZHZPYSE7YD,4071.2278
NKCE9YFBJMTVANBC,812.6008
BRAE9WYJXR43VESQ,1827.0747
FABE7D5ZSVVRPG75,3567.5166
ETHEGNMSZPZDZC6T,2718.5916
CRTECN2QWRACCVZW,4263.706
CRTECN2QT6ZMHHHH,2864.831
PBXE8W55A32CHXZD,654.44147
SUDEGGAVHGYEQJAH,2898.4993
NKCEAZ6FXQFHJH2Z,561.2257
NKCDYFHQAKQ62MHT,2791.9778
PTPE7H5JD4MH5T4D,4136.4097
SHIEBQ8W6KQHQG6J,6021.584
TKSEEB9MNUGDS9DZ,3666.4578
BRAEDAGATZZKMRNY,2256.895
CPIEJCN3ASM9ZRXE,4144.336
RTRDQGV3ZTKAZTPD,4072.0942
ARPEG54NHHJDT9FZ,4642.8574
ACCEBUEKVFFUX2DE,8387.848
TSHEGYDYGFHGSHGY,5959.328
VLBEGZ7SBMDMYTXZ,6261.962
TOPE8ZAF4NMCGHR3,2946.9067
BRAEDQEDVYJV64GV,8380.841
CRTECN2QSXKNSX8Z,2865.2678
BRAE3Y4ZP6GF4JKT,4697.0786
SHOEJWNPWBWCE7HQ,1836.594
SUDEGVG6PJKDGW2Z,713.2332
WATEBS5YABDG6ART,5265.8027
JEAEGE8QCDDXCXFG,4893.0625
JEAEGFMHRSUHCHDY,12149.699
SHOEC8QGTYTSYHRC,5578.7334
NKCECZJQS73UZGX3,3166.5012
CAGE8X8X5QEP5BWM,5209.574
SHIECHC2G6B7JPTP,1183.584
PTPEATF8HNUX8SGY,3997.1782
NKCE8BG8ZXHRZN9G,7851.8438
BRAEBG4ZBVZDWG8M,1446.4994
SNDECV6YCADQHMUQ,6947.512
NKCEB98TYYUZE7BQ,5297.0464
TKPEJNSQMHREJYRD,5072.1772
NKCDUYA5RGAGR4PY,3705.9712
CRTECN2QSQX5H4GM,4275.1973
CRTECN2QVNAWZZHZ,3743.9038
NKCE6SR4YVMYZMGY,10381.716
PBXEAJVRV5HNMDTR,223.63014
SFFEGF6KZ9PPM4SN,4732.2896
RNGDY8PZCQHBYA8U,6846.7793
PCSEAH5W7RFFGKFN,4521.5537
RTRECZANMW6UAQ5A,3983.7053
PCSE9R3UWEMF57RQ,9373.345
SUDEGGB4EZEJ7ZPV,5065.0503
BRAEBBMQZJWQQFEE,3297.8901
CRNEJB4NE9FYSGBR,2862.4275
NKCDR6BHVPTCG7HA,10255.186
PTPE4JYTBXSZSZPF,3272.704
ACCEGGAF75RZUBTU,12987.936
NSTEG358AT2YQVV2,4588.7866
ACCEGKXQ9ZFSWKMU,697.5661
SHOEBG6ZUGTSDGBU,5068.3306
FABE92NVJWFVRWTZ,3806.0374
ACCE8XZMEQ5C2MU7,5744.252
SHIE2XDXPYYGJJZN,591.7752
BRAE3RFCGHJGVJ9Y,9570.156
NKCEA5FH9ZB34DEE,5655.8867
BRAECFAQXWGHUZDQ,1802.8073
SNDEBG864TPNPGSE,861.8292
SHOE3MYBTPZVTGYM,4639.713
NKCECW7BGWYRZ3BP,4062.9148
ACCEGGAYF5HTP4RG,155.45901
BRAE8RSAJKCPQ4WP,7635.8813
ACCEGXK4RRVYHJZR,678.5163
CRTECN2QWHKJ3PBU,4508.13
DREECUW7PKBTZPRA,3916.8076
PCSE6SJGZWXPQY9G,2605.2244
WATDZ98SPFAQVHWR,8550.958
CRTECN2QZ2HFUHH5,3104.8953
CRTECN2QS7YHAKV2,2204.2874
NKCDU4RZNVATGYZZ,1692.8351
TOPE7W4CTFFFDQBH,4109.952
NKCE7MMGDBM6ZYT5,3750.079
FABE92NUSYEWSG56,637.55505
NKCEFFFPZC5FFNSY,4577.9375
BRAEGGER5HFB7YXT,8476.301
KTAEGFPRCCS46ZMA,3286.0452
SUDEHYGUBYUKVZYJ,5975.5273
SHIEHZRCHVFEEVMR,6219.951
RNGE9HEA2SSEK9ZD,582.4796
BRAE74BRYKNFVGQE,2193.4456
AVCEFURSJBG924HG,633.1245
DREECZJEPZNGBSFZ,3926.816
SOCEJPT5QW94BHWE,1560.7505
ECOEFYFCC2BUSBN5,3176.7632
BRAEA7GBQR7ZZN4K,2221.198
TOPE5N5ACWGNUWBY,9284.346
BRAE8X2ZW4ZPDQ7A,6248.3867
PELEJWHBZZHFCF4H,5411.959
PBXE6YVW4CSQGJPS,3206.8477
NKCE5WSJTHTHQFUG,4262.2036
PACE5VYXKSZZ8GKF,2904.2908
PELEGWXGPG8UEXPN,3374.776
CAGE7CZRJ39MZ33R,3013.0835
CLTEGE4SGRTVHXAW,4261.0547
PCSEAH5WZB8HNWEG,6882.4194
MUGECEVFKB5RER6P,3857.2402
NKCE3H6BGY7BF6K9,7823.7104
CAGE7CZRW6MNSUH4,5111.6616
RTRDMNVFYZZBXT3G,2826.8496
CAGED2W2SHVURMZH,5827.226
BRAECTFYYHAUWR3A,2274.662
BRAEAR7WUVRVUAHY,1777.9321
GUAEJGQCH9BNFH2J,6924.3047
MATE49ATZAJFGTHF,581.9638
NKCE8SESTHKCG7FW,6029.9385
PBXE9T4SWW4HSFGJ,444.15228
TSHEHU5RY4T3XXQZ,5717.8667
SHTEE72RZN4TVPUY,5571.2134
NKCE8RB5Q2SERPVK,110.457054
PBXE9YWGTTTX6KVV,3214.0996
NKCDWBPZTRZJTVR2,2666.0386
NKCEGHR7YXJD3QVA,1523.0554
SHOE3S9BYE5XWSKS,6262.39
DRPEHS7GGAEJHWGH,606.82556
TOPE7DNYTYVKXH8X,4485.9863
CRLEJ6B76SJP8ZVG,7216.734
BRAE74BREFRNXRYB,3409.517
CRTEA7HABNRWRZSV,2634.3198
TOPDX9TF8EH63HHG,3843.131
ACCEJ6TESY6AFW59,1499.8441
CRTECN2QZZJVMK8M,4336.4756
WATE3NWHWHGSECNQ,10724.415
MUGEACY8EXQKEZ8J,3901.7163
SUDEGGB5XKHZ8YRV,11430.265
CRTECN2QXUGAJF8Y,1085.3405
TOPE6ZCJTWVV9GRK,8640.321
BRAEAHEHDB9H3E65,1971.441
CRTECN2QVES5SGVH,4092.063
BRAEDSGAZES3SRZ8,4114.2754
TOPE954F2MKDZFTF,1277.5792
BRAEE6YMYDZCTFHT,2401.4048
PBXEAJHVVCHEY59Y,485.96704
CAGE6FYHBF3HYBWE,531.6817
NKCE59YWGAXY6Q4B,2684.4314
BRAECKHYSXQD8ZMC,1311.6744
SNDEHZMFFAHHZSHZ,6236.0063
TOPE9RCYS54YZNFG,4276.746
NKCEC8AZHBUEHH6Y,3782.4253
NKCDYQ3REN9WJEAF,2580.2717
MUGEAGGKXFT23YYH,4048.1785
NKCE8HVPRWTY5JET,2622.7717
PAEE8EZHYZESVZ2H,6256.419
SHIE8G24RUNDF63N,5822.471
SHIEBCQZHBFMSFMK,3277.5706
TOPEBCJF2D8JB3RG,3663.1572
NKCED2ZG8GMNMMSF,3306.6257
CAGE75DFBFFJZZ2P,3407.9915
KRTECQSZAZSPPJWZ,13565.966
NKCE3Y5PHMWUUWQ3,5132.5244
WATDXFGTREYMG4ZW,2236.435
GRKEG4UWCS4SNUSG,2617.4912
MUGEACY8MDQCWAGH,2353.6292
WATDZ5HGZZCZXDNC,9429.864
NKCE8E6YYVEUTNGY,2739.5083
JEAEGE8RGRFHFUU7,7113.2583
BRAEE6YMYZ4D5YGS,5639.5146
SNDE7FD6YA84VHSZ,682.1784
NKCE5HYVQV5ZKAMB,5219.2324
LJGEDTGP6EVWQAJW,4960.4023
SWIEHF3H7WG6VGMR,1992.8628
CRTECUWZC4AEEVTQ,3764.1729
ACCDXH5HDZZU8QRH,6513.424
NKCE9ABEZFFRGABC,5081.1626
NKCEAVVRRGHWXTNF,3655.5208
DREEYGCXYYZHDGDZ,3307.866
NKCE8RB5TUKH4USX,6206.7905
NKCE96SXZGNBFP3J,7890.051
BRAE8QNFWA34HGDX,9836.75
BRAEDTNZZN4ER8JN,2255.9104
BRAEAW9MTDZZZBH9,6133.5884
PCSE6X3YSK6U4XMY,6114.454
SHOEBBWKYRZHMMZN,3282.7664
WATDKB7JHUHHVMU9,136.1687
WATECSYFBDTEVR5V,2766.8152
RNGE96Y2DCHGZ5AH,4552.9546
VANED79Z5THRWD3K,3758.6926
CRTECN2QWVBQNTHQ,3722.4314
USGEJPPVGZNYAJE4,8206.144
CRTECN2QY8BEJVAB,3607.3481
BRAEDNX2YFFFVD3A,1857.2955
RNGE96Y4USHKXVCY,1305.4255
TFHECYGABBG9NRZM,7204.689
WCKE2TFYRJA65QEF,672.1175
BZREBXM8BFP6HZVP,6212.087
CAGE7DSFVSZDYPFF,1854.3683
SHOEGAJGGTZD6HSY,5010.134
SHOE2FQCR89ZNN8W,8283.471
TSHEGF9YZUKYJKZG,7671.8984
CRTECN2QYZCRHWD5,2448.9421
WCKE2TFYMTCGDBE6,3839.3855
LJGEHYCBH3VEAZYN,1815.7031
CAGE76HYPAMJ7WKH,3261.32
NKCECZJRGGSJS5MP,3063.9426
HMBEHBANHWHNQF8B,432.2083
NKCE2V6XHV3DSGPT,428.4134
AIRE9B8EKTNR8J4B,4965.391
CAGEBTJBUKGHGBSJ,5499.695
PCSE7B6U2VYJZWSQ,14227.385
CRTECN2QX3VH7RD5,2014.2485
SHIEGQEQ8X5DPEWU,139.82231
NKCE38HEJPZSGBDZ,2332.002
BRAEDQEETE3Y2CZJ,2076.6807
TSHEJQ22W8XPPGGH,680.2979
CRTECN2QYTQNTVFH,622.4474
SHIEGHNCZBRTKZCR,4226.559
NKCDYQ3R3YGZZYGB,7043.8394
SNDEJCWXXFWQRCJU,5432.275
BRAEGG4PJFZEHY5T,1206.1604
NKCE4PZ6YXXW7SPR,3131.8694
BRAEBG4ZXJNSXVNM,1007.84424
ACCDYDY6PBZGPYDT,13311.085
NKCE3JRMBSUGXDK2,7348.3384
LJGE9TGNDH2E4VRH,8427.307
SRTEGWKMWDED9GFW,1642.5448
WATDE9NFPB9TBVSK,5224.1187
SHOEJCZFDNVTB3RF,954.89777
BRAEGJFXYTH2MG98,4135.457
TWTEHH2BQ29FYNGV,754.9526
SHOEHYA2U4D2FDGE,4567.693
NKCEB774ZFTSYG2V,465.2513
SGLEGBV8VZ4QSREY,6859.2744
SHOEHZMMPFYUGBGD,5735.207
RNGEJ39US9ENJXYF,5445.793
MUGEACY8F4ZAFQNJ,825.4978
PBXE6ZHNEGF3VGZW,2610.8838
TLPEG6GR9HUYW3ES,830.07764
NKCECARBX85NCE3P,3242.5273
MUGEAGGKNFZUGFN7,4455.172
PCSE9ZPV7HAPCFZ6,7826.058
TOPE9KJE9PVJJZZC,3775.977
CAGEBTJB5SZDNYXY,664.5225
NKCDYARBMAARKGFZ,3898.6104
BRAEBHDVMHWWJ72Z,6743.772
SUDEGGBFA9UZ87PY,7313.573
ACCEABW85UJZ7BMZ,8145.8105
SHOE2ZNGYDECUGNG,4715.091
NKCE9Z2J5XF5GDCP,3431.4624
PTPEFS9BTD3YHNHF,4222.9126
NKCDWHFQ2ZBKQHGP,2191.2432
MUGEJG6SRGWSSZVS,6529.257
TOPEYHHWTQ59WEHB,5365.0537
PACEC9FJHX2ZJJFM,4139.189
NKCDU4RZYJ4NC2FS,3946.8474
CAGDU84G2G5AEAE5,10639.165
CRTECN2QU9XUVRDQ,3860.3274
DRPE3N3WWNJHVVNN,2423.6685
NKCDW898GSGZQGGY,2577.3655
MUGE92Z4ZTV8UZYN,2490.8657
BRAEBCY3TP8GZGQP,3960.389
NKCE8HBNYGFJDU8Q,6520.3643
CLTEHE9FS4UCYDGH,610.6826
NKCE9PFFZZJ2JUTG,7578.6606
SNDEGJFVJAHQCENF,11394.455
NKCE2NKZGKZ7TVUE,2393.4172
SRTEHHD7AE757FTH,2894.225
RNGEDAKCZAZQTEZZ,2502.9282
RTRDNGVMH2ZJZRMQ,7557.2554
SHIE9FMPWV8U4RWX,2250.4116
PCSEAKVBTXB6E4RF,1036.3375
SCHE5Z57GMRHGXTD,3301.6733
SNDEJPZMCWYT5QRW,6761.64
DREEGZ5CVEHJPDT9,5730.351
SCHE4YST2DH7X2YC,3967.433
BRAEDTPHBRK7YTYE,1893.7571
LIDE4YMTRHMXGXKZ,3331.5964
NKCED2ZGVXQE2UWP,3102.8477
BBAEJA4VWFFEZARG,5560.3247
WATE6S3AHZXW9GPK,8965.961
NKCEF9GTMZD4JZW3,3134.9963
MUGEGZUMNZCKBZYS,2231.021
KRTEC89NQNYTJC9S,2205.3398
MUGEAGGKWW34AFH6,2511.7847
NKCE7HN9XD8UDKHF,4368.3345
CAGE8X8XZCGGXQ7Z,679.87244
BRAEDSKC33TQAGG2,2677.9185
PBXEBYHC4S5BQYDA,781.68756
WATDYQ938HFU8M8J,1225.3628
SHOEFVT6YAKB9XTE,4461.64
BNGEB467JXH6QER6,10726.313
GLSEHFJZ2N9C3WYK,812.1055
CRTECN2R5JRYASA4,4204.332
NKCE2F5HBUPEAAPZ,594.10974
SHIEAREZZWVXUBQT,5758.8257
BRAECKHYJ8HGVGHG,1596.6516
VLBEGZ7SQGDFUXE7,5638.8643
ETHEJG2KXFSM6SYG,1324.3499
MUGEAGGKZTMNHZPF,552.2494
FABEH2JYVTGFEEFT,735.652
SNDEA5EG9KPNG38S,662.1651
MTYEGZ5ZCWFARE5X,5312.7295
TOPE8XCDBUGUZWSP,2661.6335
COAEJFTZEFVYTVBG,1995.5686
NKCE9YCYAJTGZFZZ,3687.1328
RTRDMNVF7CQ3HAHU,3213.9968
PTGEGUZNXKZ8P6Z9,4949.919
SHIE55GT4JDKEGZQ,4276.9985
TOPE7H6NK6YHDAP3,5446.242
TSHDWUPNBPZZHHRD,7483.2974
ACCEATGZU9QWN3XR,2941.9614
TNREFBYF3NYEWX5R,13582.167
CRTECN2QYNFWAQHM,6082.445
KTAEJFR22QUF6CCX,8463.232
MUGE9HRR6HVCRPZT,5847.9097
BRAEAW9KZHABYUAW,8649.16
CAGE9ABBP3NXYEMZ,14011.934
SHTEJT4DCZAKK3YW,4371.5083
RTRD8FPJEQRZ6BEM,1100.2961
PLWE6S4BKHB5HZD2,5305.9434
NKCE6XU6NKSZPBYC,8418.09
TOPE5UZG8YEV39XC,1204.6936
NKCEAPCVHF2FJTCN,3022.054
NKCEASN6V7MJ482Y,3112.2385
SHIE3QDHDTF4BMK4,6731.9536
SLTEGE83BPHD2N2R,9379.44
CAGE6FYK6VKUMRTT,4252.6997
TOPEGGA4KWAXGTG7,3545.0906
NKCE966EVHN4AM4H,3587.9277
CRTECN2RTNAPQ9UC,2655.0752
AVCEJCJSV7YSUEGN,4314.9307
SHOEBGDMZFGMWGSD,4104.093
JCKDXPJGDX8MMGDF,3907.5593
RTRDNHMRFZTR3ZPZ,3583.7556
NKCEFFFPSG28KBZR,5199.9536
BRAE8RSARRKPHWUY,7485.575
NKCEBFWTZCR2Z9CK,8474.828
SNDEHZKGKGHDFG57,3239.251
GOGEHYHYGRZFMC9D,2014.4512
SOCEGHM6YYCTBXHS,1652.787
SNDEGQ7NBVGASKHA,700.73444
MUGEACY8Z6RG3GPV,3137.2612
NKCE38HB3Y5YH3UF,3571.679
MUGEB3GZ5HYHGBQT,2445.0532
SHOE6ZQFRGNTW8JX,2828.3896
CRTECN2QYZBRHJZF,3995.7854
WATECDDDQ7SFDD6K,4464.912
BRFEGJANHRABGE2Y,6385.73
BRAEBBYRYZBKQRKA,10002.288
SHOECUZVNVUQ8CJF,2220.042
CRTECN2QXB8H2ZMM,2347.3723
BRAEA5MZF4TEZZPH,4962.132
NKCDU4RZR83PHQG7,5279.0537
WATDZ5HGJEQGGB6U,4994.2607
CRTECN2QZYZK9WYV,4968.2617
NKCEACWN5GXUC92H,2504.645
HKHE57EHTMJCH5FT,4229.432
SHIEFFFPRTTYYF3G,6372.599
SCIEFHFUUSZZD24P,5899.8057
ACCDXFZXH75VJZE8,11607.069
BRAE6Z79CG9ZH75H,6917.439
BTCEJQYNBKZNZDKS,7627.721
PBXECDBWKHNKGEGD,2208.1062
NKCE53HJHUTKNGUF,8286.365
CRTECN2QYNCSMYNX,3506.7866
BLAE6DPHFYECGZ68,11934.882
NKCEC9FM6ZZGB5A8,3916.8076
CRTECN2QYAPXYKZM,2446.4287
TMLECXEQZXPGWW7T,8911.094
SHOE8VP932WXGCZV,3164.6082
MUGEGZUH2HDYY4XF,3831.58
BRAEDW63EGE5VDXG,2361.389
MFLDUKGX3Z2J5VH9,4978.152
MUGE8TQEZKAD9WVN,2583.4138
ACCEAZCVS4YGWUVH,5637.3394
MBPEFHRYGGHJMRYW,1094.4473
TOPEDHEA9YERKGUT,2367.1348
BRAEDT7SDETZENWB,6202.0396
TROEHYUVAJ6NBBAE,2383.3574
TOPEHZNSWYHQYGUF,3371.758
BRAEDSGAYPJFXJJ5,2162.8247
BRAE8EHTYSUXSHEM,2611.6013
NKCEC8ATTJB3QMGB,9176.616
CAGE7DUYKHBTPZVZ,3867.3098
TOPEBKYKJZCNRNNJ,3562.9114
NKCE77RVJXKGY5HH,548.56116
CRTECN2QS6YHKQ3G,4195.1123
NKCE9AZM3GVSMZPT,4519.0903
DREE9CPNYFZP9HRA,3030.4893
NKCE7Y2Y4BFFU9A4,3823.6611
SNDEDG6H5CYWWBBP,10621.312
CRTECN2QZJSZBWGH,3941.1606
PTPE7V9ZRFFHG22K,4282.2217
TSHEJCQ2VWZAKZJ4,2811.765
BRADM8DWKXXJDEHW,497.88892
CAGE22EFFAPMZEPE,1133.1648
RNGE87FCCDJQYSQ9,8415.014
CRTECN2QZZSR4ZVH,4935.896
SFFEHUAUGA5GBTYZ,5744.199
TSHE4KACQVSBXCFC,6758.8213
NKCE8NHGSHWS56FH,3394.6218
ACCEGKFHWYVFNCX5,2079.6519
TUNEA8UGGGDERAHT,18435.953
NKCEA5FHAKKSQCK7,594.2422
ACCDSY8ESXF9AUHY,11826.653
PBXE9YWGDQYKWXRS,9321.793
SHIEHYHHNPVZEXVZ,585.4342
NKCDX3BH8FVUZAYQ,7113.147
PCSECV3FSKC4P3P8,65.13003
NKCE6UWHJPBKGHZ5,470.43423
SFFEHVAVYGCD3HSD,6718.562
KRTEJ9GHTVHHGQHM,3089.783
USGEJPQKBNS5KDTE,4375.934
NKCE5U69CGGXVG4C,4113.7085
LJGEATZSV5VGNDXW,2905.9358
BRAE8JUGGJMMETKY,1348.0912
WATEHYU2ZR3UTGRK,851.66516
SUDEHYGUWDBVFRMH,727.3337
SNDE5E6BCHZCC7JQ,831.66833
RNGDVJYNGRUMZJFT,4004.0012
BRFECHUFKHVYUREJ,596.8907
MUGEBFGFEN9A5EGR,3891.225
SOCEGKQYHGGXAPGD,3329.5679
NKCE9Z2JTCBDBXJV,519.7799
PANEJQ5AMGFJKRAF,9249.294
CRTECN2QUHKRMZSA,3743.9038
TOPECBAAP9HW5VMH,9264.63
BRAE8RSAVVGKRBK9,3111.8496
NKCEAX7H3Y9JBGYZ,197.09444
HRCEHF2C2XQKQZHM,3797.8254
BRAE3TSHZ6VEKQUG,1095.5044
STIEJPM3D8HYQRTN,617.9302
LBXEHFA5TTMBMFR8,5403.366
SHIEHGXH8GPWGWFE,5630.8496
NKCEAUABWU3Z8HZ6,1383.1813
SNDEGFJ2GD5GWVSH,5111.9897
NKCEDCT9KKXBQTND,137.71901
PLLEHQTXADABGDSZ,5066.4727
SNDE6SCTV6BCGRNV,8593.777
NKCEB7CE7G7JHQPA,3835.8398
PCSE6SJGPYFYGKUQ,7065.6343
LCHEGYYBWP4ECBZJ,9631.24
TLPECJY7WKHYDZT5,4442.5986
TOPECJFAHFF9PB94,4133.029
SHTEDCZWARQ2HZXX,892.16296
SHIE86XAM3TUG7HA,5515.1006
PELEG5D24ZAYAHUJ,4929.6465
WATDYFQ559FZWRSQ,7912.508
NKCECZPZ8WCCFGRV,663.8747
CAGE9YTNZV5B3WWZ,643.558
NKCEAGXHYGDBWMWZ,2774.0156
CRTEHSS9JCJEZWCA,5842.9272
CBKEJ3AZMZGTQ9F5,1032.9272
PCSE55G4YBUXMBJK,1285.1931
RNGEBKGHZFCSNZWZ,1666.4636
CNDEGVK2ZMCGSCEQ,8830.111
ACBEHDUATE73ZUFF,2376.0503
NKCE5U69RBZRVJCQ,3002.144
RNGEDAKAZRSRYN2X,7067.287
PACE5Y8Y44TKZ7RM,3681.0771
MUGEACY8VKKQ6GJ4,2145.9158
TOPE6QGAWN9YDQWZ,6250.9175
BRAEBBYRWHYKY7CM,6899.19
BRAECA2JWQJZFHUU,2982.8489
SNDEFGEAF4GRHHX8,590.3027
WATE9ZYZTKUEFFVG,8233.8545
SHIE7QCY6ZQSUF6E,5603.6567
WATED9T48YVSTAA5,2865.6973
SHIEB85ZA9EMJ4BZ,6305.9478
SHIEARR3DXE2SXRF,3707.192
TOPEGHZ6VKKVGYNR,6608.372
WATDXFGTFHHKPBNV,1203.3125
SRTEGWKKZNUYX7HW,8583.066
SCREEMC7DYNN5YHF,4414.7373
WTBEJ9RTQQMB9VYE,3152.2214
NKCEAMDRQZKUXEYW,4973.9927
BWLEHTBPHRBSDEYF,8916.959
CAGE5HVNTSEFWCW7,10230.59
SHIE55GT7F6HYXDT,3707.7063
RTRD4D3EGBAYBG2C,703.5556
SHIE7MGDC6ECGFJ8,3835.4558
BRAEB2S8RRCWFJST,1126.0348
SNDEHZPDGAZBWJTM,728.6544
BRAE7SQFUBCGUCWT,777.5411
DREEGXZ2QN5ZKDGH,5872.539
CRTECN2QUHW9VFFT,2541.4148
NKCE8VQHVG89RUY5,5574.9927
BALEGFWE2Z7GTDMS,3372.058
TKPEJNDEFYSRZSXF,5862.8677
SHOEHYEAJCGEP5UQ,2309.3245
LTBEJGVNHVHPUZ9G,9501.181
CAGE4GF7UWGZHN7J,2563.5142
NKCE4TV4VCFGY5UH,3905.4104
TWCEGJZKVYZHNE6Z,4043.3035
BRAEAZEFXHCKE3RG,6777.9243
FABE92NVWSKPDK8W,3743.9038
BRAE8UZGKMFVSG2B,6742.208
NKCDZFJMRP2XBBTK,4372.5923
RTRDZ5PJTSHHXGME,7215.3604
NKCE7AGZESRQGFHG,2367.5205
CAGEBTJBTNGGDZQZ,5106.2627
MUGE6SYU8QAKS7UH,3736.011
MUGEAGGKYUB8SYA5,3875.5032
WATDJTR979TAXJJZ,14830.22
CRTECYY4ZHUZ6HNT,5050.805
SUDEHYGUXGNXBNZM,6179.524
CAGE3FX7XZGYHGRJ,3312.199
NKCDWBPZ9PWWVGN2,2204.2874
NKCDXYFHNXGS6MSE,2878.218
BRAE3TSHVMCW7NDZ,8195.225
MUGE6S9YZ25CHZRN,2797.176
PCSEBDFUMFZZQDJW,12884.672
SGEEG7CR5YSTGTFT,4571.7534
CRTECN2QVKZ4P6VP,3756.5967
BRAEDSGBTTMMSZZM,2955.227
SHIE6ZSBGF3GZZFF,2143.1904
PTPE62XBPSEHCQCR,8457.898
WATEYUZXN2DHGZ36,8205.592
SHOECK2FYYWUT4KM,4898.9688
ACCEDTNRJXYZHZZW,6560.594
NKCE9336FXG94XTG,1863.7898
JUMEJCDRCWWKBQSX,10063.8955
WATDZ2ZQTPKQZEHG,8054.9595
TKPEGRKHT4832GFE,3481.3367
RTRDQZMJBWHZCXZT,13105.489
CAGE6HYJGDZQXHQD,10647.248
SHIE8VY9ZYWPUBWV,2430.749
NKCEABYZYMNATYGH,4803.3984
RNGE4Z3DDZ3YAKSG,6136.8276
SHOEFZXRNYJKPPYG,4658.9253
RNGEAHG8GKFRK38B,5190.195
NKCEA4CAMNKWVXTG,5362.1265
CRTECN2QT4YABNGQ,3001.347
SNDECYKYTBUYUEPU,8399.193
BBAEGGDCFERYAQHU,3184.1323
PCSEDE6ZNWQCXWDY,8114.0835
SNDEJH4DBHFK4N7B,4573.804
SHIEAW8RHVJNER3B,3517.7588
SHOE9UDJKNVSDH72,4537.5215
NKCECZJQSWTUUGXK,3863.2192
BDSEJJCKFGYZR4GS,439.9001
ACCE8XZMKHTPSVFW,6668.536
NKCECCMFZVWGAZXP,3500.3955
BRAEDUXKWHZFVQN7,1800.8638
BRAE8RSADX6YHAQT,6877.3228
CRTECN2QTVAGYNZ6,1963.9813
SNDEFKFNCHPREWPN,5643.8335
BRAE3TSHVWYHGGWH,8293.116
BRAE8WYHNGG7ZXPM,2046.9442
TOPEHZNSDHHZDB4G,651.5549
CAGE773YKTNBTMMH,8295.654
BRAE2NF6S8WKV2FE,1283.1909
WATDZ2ZQPXHZYQZJ,5624.935
PCSEE4H5GPSUFGGX,2367.856
CRTECN2QYG6SNGZE,2854.5435
PCSEAH5WAEHFFNDZ,9361.144
TOPEDFTZPFYP7UZU,4266.9287
NKCE7VKYZ8PEGCG8,5025.515
BRAEE6YMBUAGK2FH,4674.335
SHIECKYBQQNHZFZD,2735.3345
PYJEGN9Q9NWSUYGB,8688.836
PBXE5ZJZY2NC256B,2974.8962
PCSEAH5WEFMRTDEX,8623.729
TSHEG57TG27P9EZM,3521.4463
BRAEGJFXUHYZPDWZ,8507.24
SKTEC88WSNYJKWY7,533.38635
PTPE6GZRTJJCSURV,2979.2688
PACEARXTEE2R8CNT,2816.6108
LJGEYGHD2YPQHQGZ,4235.693
SRTEH2FGBDJGX8FW,1447.3057
NKCEGGFGCKCZS72F,6046.1533
NKCE9AZMTYBWTAV3,4376.009
BRAE5PKZGX8HNT8Z,6034.995
CAGEBTGH3CHD9T4T,4684.122
HRCEHF2CCUFD778C,5413.261
DREEGSMKFEHFFYNV,6122.664
DREEADCWZ6XFZCGJ,778.7206
PCSEC86WZXZPEEZB,8472.44
SSSEHFZ34KRWYGSH,2783.975
CLDE26U5N2TSHREG,5312.4414
CAGDTSJUFVMVP3XG,7300.499
BRAEBB6TWYYGKYQC,2089.4832
PCSE76X4K44HZ5YY,6245.347
BRAE8TFHXNFSGZHZ,8165.2188
SGLEGBV4XF6GBWZS,2968.9019
CAGEBXZ4UGZU65ZV,770.2218
NKCDX3BHQDPKVJ9A,3200.8494
CRTECN2QUPXANVU9,3023.9595
FFLEGEXHXGFXZAXY,6810.515
NKCE7HN9F746GK2E,14616.329
ACCEAZCVU9RPHNFG,6635.7866
KTAEHE9KFWXNYHFD,3024.0635
CRTECN2QY2WRVENS,6427.979
NKCEFP3J2FKVYFRG,550.8884
JCKE2HWFZD5HZRE5,6236.5986
BRAE2Z9VJ8B8FAD2,1888.9086
FABE92PZSEPSGZFK,543.68585
WATEYAP3B7Z2BSYV,7435.652
ACCDXFAJ8NGKEQ5A,75.14851
CLDE9Y64GKDGAAUG,1810.9103
NKCDU4RZRKCZWYQH,888.8562
PSIEF4ATFU6QYETN,4951.975
CLTEJ5ZZUZKHHYDK,7532.463
JEAEGBX2FBDMZK2N,2265.6128
CRTECN2QTXCGYGNC,4609.9414
ACCE6FZPTNC3UGSG,2718.1665
PCSEE4H5KH5KUBA4,11729.873
CTTEH9FYJFQMB8M9,6093.8467
BRAEBXRBXYDKYPKB,2885.341
WATDQKYFVYKGPAKA,7335.1865
CRTECN2QSTZHJTKF,1475.6309
CLTEJ5ZZMTBYXWZQ,6074.3994
DREECRS5RGQZTYNE,4519.92
DIAEJ8FGHZ3K86JU,819.96875
WATEHZN5BG4SUKBY,4847.1963
NKCECS3FSXUA56AU,11139.401
SHIEBZ7UE4BXMK98,1713.777
SMCEJV6XGQDBMGGQ,5763.8545
SHOE39Q6PDKHYY2F,633.50903
BRAE3TSHYTS4FCU4,8309.803
ACCE7ZK9GP3YCHBP,1720.8251
WATDWGAHG7AHMW6Y,3133.644
SHIEASFWXZ6H28UY,5148.071
BRAEDSGBPHRAHEMU,7676.8345
BRAE4ZWYGGWFKUM3,3668.9714
BAREGGF8NBTFWU4G,2791.5293
PTLEH3D3VTGUCQBK,2501.0945
BALEEZ2A4SWPXJU4,404.29153
CRTECN2QW62MTXAJ,2444.4563
TOPEDTKMHEGYN2GA,710.1397
WATEHZP5RHMMCBPZ,5928.8755
KRTECZHGC97Y3DGK,7738.215
ACCE6DZCJZ3M2DAT,857.15857
NKCEBUPHUZM4BRWF,636.1941
ACCDSY8EYXYYYYVK,11665.995
SHOE4HKYRFPHCJWX,3274.497
DIAEEUAM8QXHB7BD,688.1919
PELEGNSQYKKHT2ZH,5415.8
NKCECYNZ8HHZHY3N,4000.8967
BKPEGUJHJFYS4FCU,6238.863
CRTECN2R6SGHFHGJ,6302.615
DREECRS4FHNBDJHY,5718.3027
SHIE7BZ9XWCHEYPG,5732.6724
PBXED9Q2MZEQWXCP,10675.518
CAGE5RNE4JVBXZBX,270.03378
WATDZDGRQBXTKHPW,5311.8423
NKCE3Y5PSKAJSBPY,6580.9004
BRAEE6KRWZZGZKHX,3915.8252
NKCDYQ3RC997MHB9,7598.8853
BRAEDXUVZPX2RVVP,2424.454
NKCE8JMCMGCHCYDG,803.0236
SKTDDA4YREGBZDP3,6558.21
CAGE9A68NZMEVPPE,10023.433
BRAE6NZAQBHWZNMT,36.872482
BRAEAW9HUCVYHBHE,2762.3896
NKCEYM3BHZHMYT7Q,4430.9424
MUGEACY8ZBCGS2ZF,3939.5088
PBXECUFGDMEZWMYB,826.1137
ACCDX8ZUEWUKFHHQ,1577.3597
RNGE7GVYZGVHDS2V,10373.24
RNGDTBQUJUCRDTCK,4586.22
PCSDY5AHHQSXZARH,755.37994
PBXEAZ85KCZED6ST,2867.9355
NKCE8HSQEKWFAUYS,295.54562
SFFEGEZCEJRG9HVF,3967.967
JEAEGWYDZYDRGXQF,3833.1753
BRAE8TFH9J4PHP2Q,4438.5034
BRAEB5BUYYSV9TEQ,1914.5052
AIREBB9APEFZYSFB,7927.154
SUIEHFNUU3BDCGZN,708.5736
WATE9M3RRRKZK4FD,668.81396
BRAEGJFXBGRJKXPN,7289.5444
SNDEDF6WMSQJEGFN,7715.8213
TSHEGG9KQHGQEZXS,5276.617
TIEEHZDEDRUH6NMB,2999.0715
BRAE9C3MZZ7SKKSH,7751.0356
CRTECN2QYAWB9FPE,3543.4456
NKCE8T78YZYEQYDD,3157.1804
RTRD7XKFDBPBR6CV,639.3524
BBCDPFZM6V585ZZE,472.18542
PCSE5VQ3FBAPKERB,6714.809
BRAEBADVVRBUXZGN,5774.9404
NKCECB9KEYRV2SU2,3304.938
SHIE9GH8DZF3APB9,4949.627
BRAEBXRB322WRYZF,9825.6455
RNGEDAKEZXMAXYKB,8914.048
MUGEAGGKDCJHRYBY,960.38153
NLPEJUMTYT8BP983,687.7849
BRAEARZHZF7HFYM6,2031.3236
ACCE3YFFQY82H72D,7760.3403
NKCE5TFVTYJC6VMW,7281.964
RNGE96Y3FNJ4TVSA,9485.415
CRTECN2QTGFWHYBY,3459.776
SNDE3SNFMHARS463,1175.06
PCSEC86VYYXG23ZB,10381.809
TKPEG6PZEBEYFB2M,13033.295
PCSEC86V2P4M3TXC,8550.958
PSRD7NKJGFMGAZQG,4932.0117
SGLEJJA6TVC2KYUH,802.49744
BRAE8WYHNJ2B2ZEJ,4236.4927
PBXE6P4FHJJCQZXZ,5707.435
BRAE3TSHZGWGT6WP,6584.9727
WATEHZP3ZA9YT99G,739.35376
BRAEE4H4XNG34W5Q,3650.2544
CRTECN2QZSZMM3YJ,1755.2233
ACCDXFPFH66QGGR2,17428.44
TOPE89Q4SYQXFGXF,3543.8
NKCEBMDCUWFNR7ZC,1952.3236
NKCE9AZM5ZMSFXSX,3792.276
ETHEGYSVEZSH5HUG,4003.1497
CAGEBTJBAQKZUVQD,8444.774
RNGE7M92H9QHRKEX,10095.562
CAGEAFDBEJY56XSE,613.9116
HKHE5QUYGQAWURCP,4071.5496
PCSE4V8HN6NGMFBH,8808.591
WATE8E8PMU6ZRZGZ,526.207
SNDE2RXYKZZAMNGT,664.0874
ACCDXFA6DYGMS3FZ,5790.8267
ACCE6DZCAGSQEW3B,8129.9253
BRAEDQEDVTAKHTX7,1484.9128
TOPEBYXVCYTBF6MX,6047.258
PEAEETEJMJZ75EVG,315.5003
CAGEBXX7YEQZQQ2J,969.977
BRADM8DWS52HEGJV,6146.088
SFFEGJZQHKNFMPG6,2160.6748
TOPE45NZFFUDHKZR,5401.78
PCSDY5AFQE42NNTK,2233.9092
NKCEANMPRRRUSPZE,2896.8523
SNDEFV8ZSKGTFAAC,4221.6055
NKCE88AHMVQHFZHU,810.5143
CAGE6FYKGSNJWBG8,1326.4001
BRAE9WYKVTCZYNUB,809.5552
CAGE7CZR6ZD9RT3K,9332.46
CAGE22EEX2HKGXFQ,3980.5505
JCKEG4AKNM3HP3MG,4872.833
CRTEA7HANRC9HYK3,9246.632
MPLEJEG8SDGZ4GGP,1174.2479
ACCDX8ZTH89YR2ZF,2028.8623
CMTEJQYQEU2GBD2V,4143.015
TOPEYY5YQGGRWGGZ,5784.339
TOPEG3ZFYPPG9HZM,4989.6826
NKCEYTXEPHXSXDKM,4078.1462
ACCE6TJTBHE6YHDJ,2426.9739
SUDEHYGUSSZGDBRQ,9770.638
PCSEAH5W6GBGTD9Z,1095.7728
ACBECFGT74DBRJRT,2648.4036
PBXE8WPTPZSCW8UP,3191.3315
NKCEC86VG3DP9ZGQ,2112.5994
NKCDYRHGGJUVZ7WC,1007.75806
TOPECUYTF7XTXND3,2612.1375
ACCEGF6WWRAUMRPT,573.9899
MUGEBFGF4ZDPGTZZ,4083.8171
MUGEB7J7GPWUH6Q5,971.2232
NKCE7MBRTAZB2DB5,9215.83
BRAE8VUUYMWAYSCK,7722.1836
BRAE5F3KHPGUMPCW,6965.854
NKCE69P8JR2ENBAG,2423.7
MUGEBJ7XHN9UYUH9,4322.898
SNDEGGQ2QZ2HMFYB,6290.7153
BRAE7YF6E3PH9JGW,5744.252
NKCDYPDSFAFRAQ9T,6662.0415
NKCEBZNZXXAKBVMW,3015.697
SGLEJFM3XXXGKXDA,895.18994
SHOEJGFU7RXZXFEM,3579.3506
BRAE9G83CUBM56TA,5783.722
PBXE9GF9XZTGMCRG,616.98474
SHIEFFFPVBQK6GBH,8838.603
CRTECN2QZ3XEUPTT,632.5411
MUGEACY8NCCXXWJZ,195.77061
BATEGR3ZHKPGMHXD,5958.8804
NKCEA4CAU4WH8RKF,3373.9253
ECOEH4BXGVMBYEMG,1985.3866
SHIEBFXDQYHQAUQF,5937.738
BRAEFR6J5FJ4FUZY,5757.09
NKCEAPCVJKG8J283,3868.7407
NKCE4VA4M2ZKZGUY,7929.1055
TSHEGZKMZYGHZPRV,6194.8315
TOPEBWGFN8MFKKKE,3299.9119
PCSEAH5WHJCJWVQE,5483.418
BRAE6AV3FZNGNTXH,2194.944
TUNEB7FU74F3UGVH,17203.475
RNGE7M92BFXHH5VT,1745.022
CRTECN2QYSAMMGRW,1293.4937
PCSE4TF4DYGDKZCT,8401.405
BRAEE6YMRVXF3HNV,7907.767
BRAEBCY3WXYZEGBU,5365.6064
JWSE6GH6HKQFXTTD,4762.135
HSAEH6FCCGM7HKUQ,4750.186
BRAEBBYRCKVHHG7Q,5152.3022
SHOEAPT3RUN6RAJ2,535.2499
CAGE9ABAGXS3WZDB,5431.5107
RNGE65FGMRNRDSNH,8141.899
CAGE22EETSQPZKZA,8850.531
PCSEDPHM4G7WAYBA,10228.334
RTRE2TYNWTGTPE8D,2563.5142
PTSE4ZHEZTF7UYNK,11324.986
SCHE7YGX8SSZCHA2,736.2507
WATE6S3AZNHMPTJA,8302.572
SHIEY6KFSWWZVUVT,4402.9053
CRTEA7HAC5HFBYGY,2479.9866
SHOECK2F25ZZS6GG,4824.266
SHIEHZSPHYJF494X,5573.431
BRAE77MQQGG9VQVK,1972.806
BRAEBHDVYFH5AWYH,7057.769
CAGE5GE5YRY2YNDV,2095.89
BEOEGXRWE4NDBJNV,6232.567
RTRDNGVMCGNCTWUU,5495.227
GOGEHZ5P5XDZ2UZF,4925.9224
SHIE7MGDAS5B4JEY,3703.465
CTTEH9FUH3GKT3TF,2973.6406
TMLECXEQ9PJUZGTY,9362.532
PELEGNVBZXXXKDNZ,1313.5472
SHOEFSE2WAFKZFHX,5312.7295
TSHEHU5RBAFXVFHK,5336.689
FSEEHAGGGFHQJKWB,10278.28
SWSEDXEYKZKKEMSC,7897.057
NKCE2MBFEMAJTEBD,2178.0188
WATE8GDGPNKRTURP,922.5986
WATEB2FZUMQU4W7R,1058.9762
BRAE4YXVJ86CZF6F,1772.9408
KECEGTXHVYW47ZZD,3743.9038
PCSEAKVBYGBZXKNS,8114.0835
NKCE5QSZPBG9THXZ,3598.2073
NKCE6SR4GUG326DS,1558.8657
CAGE9ABAFWTJFGVY,600.08014
SHIE4T77GMCNHFBC,2196.6895
PBXEACG2FBGPQKWG,3467.9277
BRAEDSKC3YRYJZCR,4315.7515
PBXEAGTNVHGQT75S,12136.727
TOPEBTGCPSWPYGRM,7962.5635
ACCDQDYBQZPEEXTY,17562.96
WATEBSZUTGAQBCFN,951.26843
CAGE9ZGYNRZCKNEF,6431.8003
SWTEFZCKAC4MABVZ,5835.2485
RNGE87FCF5VXWTKH,5209.574
LJGEG57EHMYZQDZU,761.9342
SHOE6VH5FY6TXG62,2141.2295
CBREGH79HVGFZQYW,6323.7944
ACCDWGG3HSCGUN9V,4494.1665
PTGEGUPYWSZFTDCB,5078.791
SHIEERWHHPMWHPWB,6352.443
SOCEGGZ8MHX79YGA,1480.0012
NKCECQYZXR4K76BH,11169.449
WCKE2TFYGMCEPV5G,3576.559
JEAEG7CFYNZDJEVD,1102.2188
TOPECY77GYMZDRGX,3602.6145
RNGE5GSJTGW5V9CQ,14717.493
NKCE49ATDNH39ZYR,10375.625
WATDSV3UMUNAXURA,10492.167
BRAEDFYYZUQJBTEH,4390.3086
JEAEGF6NVGBFHSHH,4454.2686
NKCDSCF3GCSWCNMP,13120.721
ACBEHDUBQHXTPAVK,3212.9812
NKCDSCF369WABYU2,12963.364
BRAEB2ZTUJJFFQTE,5413.261
BRAEDQFRTQFYPJ2Y,3709.4417
TOPE8Y6THTGRDF9D,3535.2053
TOPECAE3JJMVYJFF,5135.522
NKCE5DGMUGHTVMW5,2712.3484
BBAE9ZSFDZ5JEFGA,6283.4966
NKCEYYX9FZWBEGQF,3725.5679
TSHEGHHU6C28JJUH,7303.1104
MNGEJHG7AVRHC8VF,6934.4043
CRTECN2QYV9WPJUC,4840.306
AIRE98PZQXREURYP,5090.2754
BRAECFARH6PZ4J4W,3021.1636
SRTEHXSHU8DXFRYM,4773.3296
RNGE7GVYGYRGX5VT,6626.51
TSHEEDY3HY3Y2HAM,2337.2332
ACCE5HSSFHVYZFGH,3676.9053
KRTEBKQJFWMZHRRF,10507.113
NKCEC8AC6XFX5NGF,2008.3141
RTRDGGQ754BDWH7U,2413.981
BLAEEH2ZH8PNRD6M,7377.161
NKCEAGXHHF2ZFZEZ,4707.6772
PBXEBKWJEADHCZVN,3358.2244
ACCEGZ66PXG5AHHJ,4904.8037
RNGEH4G46M4DTFSM,3709.229
KLSEGUGFRDBSSEDM,1150.1758
NKCE7KY4YRMECRVN,3414.1995
NKCE6ADEKEGUHPCP,4115.183
BRAEDSGQ92HDFACZ,6655.0605
WATEHZZXEGZEZZBQ,3582.3875
NKCE7MMG4PWWHFM7,2545.632
NKCE9Q93GVK3B8MZ,763.3513
SFFEGZBWFGFTGYY9,6528.7646
ACCEHR4HMGHFRQAC,2723.8098
NKCE2RPCBRZFJZZM,629.2781
CRTECUWZXMV2YZ9G,2391.855
RNGE9GWQJSAAFF48,10450.428
WATDXFGTP3FEMGEH,11464.124
TOPE5WX3KMNXGUGM,5459.996
CRTECN2QZFVWZMTY,1550.7736
WATE26J7Z9MEZZKH,15615.231
NKCE5EF4H8C5MCGD,2221.702
TWTEHH2BCWXHVTHF,3460.8162
MATEHF3PGYP4ZDPB,9250.335
PCSEAKVBHWNWCHGU,6270.962
NKCDRDWASY2HY4V8,9038.588
PCSEAH5WDKWZZ2AU,5642.225
SKIEG6VFMGKXVBDQ,6961.816
TMKEGWTM9RBGGFM4,4847.864
TOPEHFGNNEE2ZGBU,13677.09
WATDYFQ5UHW3SK4N,8935.363
NKCDU4RZDXGZHGGA,3964.2678
RTRDVFAPZMNA8CHC,596.9244
MUGEBFGY3HVWBKY4,5572.0254
ACCEGYPF35GBXNGB,564.2423
CAGED6GK44DCXKZM,4973.0615
NKCE88AHRCD7KNQT,6628.787
BRAE6ZCHAQFRYMQY,1232.454
CRTECN2QUZSRCEN4,3909.356
PTPE7JZCBGGKPSGS,3859.4324
WATEHXGUJCYK88TF,921.736
SHOEDP7ZGYFKGWNH,1036.3627
DRPEHYHMFE6G3XZG,4352.981
WATE2FAHSMPK4TPR,4664.5596
NKCE9ZGXYYRZTXZS,9833.0205
NKCEANMPGYRNMZJP,3705.9712
BRAE2NF6XGU42KGQ,4717.7725
SHOEFPMKKVP2SVZD,5378.634
WATEHYHPZSDEGFBT,4306.2183
ACCEAZCVBHKKDVMZ,6186.308
SHIE4THTCWNHTZXM,5378.634
BRAEBXRBCCJAF72G,1118.9912
WATEHZZSSCU4YXYG,3677.3596
VLBEHHW6ZWDUZNAJ,5423.6807
KTAEHE9KFCMVVSBN,3926.534
SNDE9HRW9ZVPG9A6,8135.5117
PCSE4A2ZBHGAVCDF,1305.0347
SHOE4UC3MJZF3VFJ,4393.6357
JWSE9CZDPATTCRX7,7619.827
TOPE8YMASZEUXPRY,5222.655
ACCE8WYMVWNXBBAH,3998.079
JWSEBCY4HHXYGZJG,6267.6797
NKCEDFNHMTWNTVHA,2206.6523
TOPEHZNZ9YZYYAPU,3690.188
RNGEDAK2HFRD72HE,5465.874
SLIEGXZYZTTSZD9C,4286.885
NKCEDCT9X6VHCF37,2833.5645
PTPEAT32YEZ7G4BB,4284.247
CAGDU85YYWZHHNGT,3597.2253
BRAEGJFX7PSVECHP,4936.912
BRAEBG4DCHJMRYZZ,6952.139
RNGE864HQQUYJQHB,5416.3823
PCSEC86VHTYFJHUW,7206.574
SHOEBYZGZ682N4K2,2670.1743
BRAEDX66GWPY6KJ9,5631.525
TOPDXQWEF87REHYJ,5528.96
NKCECZG4URZY9DZ5,3454.4932
TKPEH9F5BQTQAMSC,6066.1016
WATDZ5HGF5UXGZVG,9884.285
BRAEBBYRYTEEDDA9,11042.674
NKCEAFM7PNFKNZSH,3913.0557
TOPE3NVYKBXFRYSG,5071.374
NKCECGVAMX6ZGEVH,2390.5527
DREEBAQ9YMYF2Y3N,5076.491
MUGEACY8EVX5VAMD,4403.0073
CRTECN2QSZFWPZFY,3507.9592
WATEYAP3GD6VYR5U,8284.064
RNCEGE7HZZRPMSRF,532.48834
ACCDQDYBNKEVMMCU,6062.462
PCSDY5AFFB4EXAX6,12483.4375
NKCE9G2BHRUF9TWB,4639.713
BRAE8TFHZJ6A2FFZ,2255.9927
CSOE7JP6ZHUG9HZR,3294.1458
JEAEHYZMPCBH3HCZ,3953.1843
FABEAJUHKKTRCNQX,2857.966
JEAEGFMQSBYX5M4A,7177.9966
NKCE9YFCMXP7QXRN,6215.688
NKCE9TBYPBNJYZRS,263.8748
ACCEDNXYRZWBPFDF,8353.5205
SHOEHXFAMFH3PDHY,3808.803
PACEB2XUZJWEY8BH,4716.9614
NKCE6XU6USJZXSB8,11354.124
SWSEHTRZKX3HZCMJ,4218.45
PCSEC86V2Q6P7PAB,6494.7876
NKCE6GJ5GD7KR8KZ,591.0501
CRTECN2QUAQVZREG,3101.2737
CPCEJCCPYGHSTWTF,6005.1577
NKCEBBEYX8NWRXHA,3735.1912
BRAEBBMQWK9K65UU,2089.0063
CPCEH2BTGUYS5XJB,4226.0493
WATE3FAXGFHMASYX,2801.5486
NKCEB98T6AZZCH8H,6417.3887
RNGE7M92NWJJEHDD,6438.262
RNGE8URWFPRT4QZ3,7123.2017
DREEFFG5PA6AVFH9,5592.855
DREEGNWGSHTUKCZM,7879.226
LJGEJ3G6J6Y4UUH8,6092.52
NKCECZFZNVGGSVBT,5550.9404
ACCEGZ6BDHTWARMS,663.26624
TOPEDFACGQGAAAST,4157.8237
NKCDU4RZCR2FGCCU,3447.4863
SHIEBQF6VHTX2HYZ,5737.3813
PCSE9Q6VCVMWRAPN,550.4639
PBXE9A6DECDDMJHH,852.40967
SFFEG7FXSSCPUMFQ,568.3763
NKCEDCT9Y2YDXE7H,6011.8877
NKCEBMDCG3PEZTHX,11765.042
CAGE53FSJHRA3SKZ,3943.6338
SNDEE5FM7FEKDRKR,3762.8738
CRTECN2QWM2RYWZ6,2748.3274
CPCEJMKVMKTJ3WHM,5222.386
RNGEDAPTVZZTHMY4,5875.472
TWTEHH2BXEHVZD7E,4305.797
SHOEGAJFAU2N5RUR,6404.912
TROEJF3VVVJHAGBJ,6632.202
BRAECKHYM8BYAKHR,6711.3667
NKCEBGJZEMQ4FK2F,2268.3962
SHIE93F2DYWFVQNG,2326.6694
ACCEAZCVJZFACTYS,1517.3182
CAGE4BQYUXBFXZVF,6750.8457
CPCEJMM7HWCNNGBR,4745.2295
NKCEAVZ3KGJFW6FS,10985.574
CCVE3Q2TBZRQYZSZ,696.51874
TFHECYGAREJ2ACWS,5312.7295
CRTECN2QTH5UTZFQ,1459.3116
NKCECXEAF6GMGJTF,6346.4844
CRTECN2RFMUGEFRZ,2392.6406
NKCE8HVPHGWPPMQJ,2971.4043
MDYEHDH9HMZPANGJ,10373.24
NKCEBFWTSPVWSGXF,729.8411
SKIEG49YYDQ2QDKM,11905.632
NKCECZMAXJZH6XJY,8542.239
WRSEGHG9XGHVRSJR,7297.9604
NKCE9G2BYZGJGASJ,3913.2363
HRCEGVM3ENRZXEPB,7803.0264
NKCEBGPNHGQFQWSU,4276.9985
NKCE9YFBD4MBHHWZ,6221.7075
CAGE4Y4FZ7H9JZTB,596.2072
MUGEGZUNY75RZUNG,1715.2693
KRTE5RNER2AGFGCV,2195.0442
CDSEG6ANKKXHFEVX,809.4371
SGLEGBV6ZYCNDR8F,5990.6
CRTECN2QXZCWFWHR,3780.4875
ACCEAZCVWMCUN6MZ,1069.8201
KTAEHE9K8CQJMQCV,2774.3623
PBXEACG29J4ZFS5Y,3166.918
PTLEHK3XF6HH8ENC,1145.8228
RTRD3849TERR75YB,214.36957
BOTEEMN6NM57HSBU,2539.2046
PBXEB34ZWNXHWUGV,490.9047
NKCE38HCHH7XVHZ7,660.0479
WATECGG4W76YEBUB,4245.237
KTAEGX2WM2MBUSHJ,5911.5845
CRTECN2QZZACHGYQ,2322.8943
RNGDVVYB6RGSAWRZ,3949.1113
TSHEHU5RKERGP5SG,5181.615
MUGE8S9KB8DUER6P,4297.702
BDGEGEGDXYHYAJQN,6627.5923
BRAEAZEFXGVCTJJN,8035.606
ACCDQDYBZEQG6HPZ,8169.05
CAGE6FYKT4NSENUS,4523.0107
LBXEHYZYWMMQA6HT,5975.1826
SHTEDWTVCEUBHNJN,8596.141
RAQDCNWAGART9UVZ,3324.0803
SRTEGYXHGCTXUBD2,6981.434
NKCDYRHGDS3PFHWZ,2174.1492
RNGE86J7FRTSQWCR,5875.5166
CRTEA7HARUAWC7VG,2743.7007
PCSE4SFFZWMNJCAG,14109.568
KRTECQSNY3GFESAZ,1207.4872
CRTECN2QU6HG98UZ,2915.2314
CTPEGGFSTGPEZEUZ,5778.495
BRAECKHXH8BU3HBY,7315.1763
BRAEE6YMMWFFJNB9,1093.8555
JUMEJB3YYZM5HSPR,570.7667
SHODYGFWEWCG6S88,3987.1072
SNDEDKKXMX8ZGVQR,5862.33
PTPEY6JZGMWZF8H3,6018.518
TOPEH3KTNUUZHJEZ,3318.118
VPAEHT6TNFR6FWTQ,833.0881
CAGDUNH36EAX85G8,5434.7466
ACBECFGT5ZWMXAVZ,8955.9375
NKCE4CSZWA3EAF7G,600.1949
BRAE5RZ6UGSFD9HE,1087.1691
MUGEB7J7SPWJTRDC,1935.2728
PTPEFMKUTCGZB5G5,3023.4226
CAIEGP4YSZ4GNUV4,4322.038
NKCDWBPZGZW7X3MH,5013.445
SWSEH99SSMHCNFQ9,703.83966
SPWEJ8JHFG9PTDUF,823.94977
HMBE7G34Z5CGHWYV,1190.5153
CAGDTN27DEWJYUHK,769.12854
SHOEYVXVYAVXACCW,3129.2673
MUGEACY8CDCZTUMD,3215.4382
ACCEJR2FXPFFX5H3,6092.52
NKCE5MEFYG3PUGXK,2965.9885
ACCEGZ66Z3SSJEGS,916.45197
OTYEHQ3FPHGKV36X,4025.6543
RNGEDAK8ZDN2J4FC,1431.27
DREE74XGZFU3T8TH,2966.576
CAGE6GQCCDSWABFT,3646.6228
SNDEDGBMM8UGED7W,2780.7498
NKCEDCT93M9UCFF4,4288.1553
BRAEBYMGFCDFCEJX,1073.488
CRTECN2QTARWPXSU,4503.652
PBXEDDEFV2FSNH4S,16937.498
VESEGZRRFGMV9JRD,4826.2983
BBAEBSGBZHAAQNSZ,4623.5215
NKCEAFA9TT2YCXGF,698.2503
ACCEGYP2U9GYXRBX,4123.717
NKCEYUVRC28U5CEK,6584.674
SHIE9HH3AFF2GXZD,4351.868
NKCE73V3N6ZSSGKT,1060.8835
ETHEJG9FWZ7NZ3GK,6777.71
CRTECN2QWA68UMF7,4813.4883
DRPEHYHKJX3VJS4H,4443.652
NKCECFGDJGFGXYK3,300.52072
KTAEHETWZZ5KEAT9,888.69836
CAGEBTJBTZ9HK4AU,1069.5375
NKCECKHYH64EPAVZ,3462.8718
NKCE9PFFUGQPHF3C,7998.557
BRAEDSGQVKFWUWVQ,8524.911
ACCE8XZMD6J8HBY3,6290.2075
MUGEAGGKUQE2HYPZ,2325.8032
NKCE6GKJTFMH5P4N,3158.2778
NKCE9PFFZCSSMMYC,5255.415
NKCE9G2BZYKFA4UQ,3330.5789
BRAE6ZCKBUYE9PTV,1959.9971
DREE4DF4AD9ZZHEX,1099.1361
NKCEAY3RNC2QTZXR,1472.0039
RTRDRDPR9JHCSBGH,6971.668
PCSE4FKCZ23EPQFS,8068.2876
PBXEBJ4N3HJZ7R3G,3006.6292
LJGEJQ4MHZZTHGPQ,4298.2573
DRPEHYHGNAF5UYUQ,4657.837
BRAECVGYZGZT5VU5,2157.1218
NKCE7MMGPQTPZZ4H,2477.455
TOPEYZ3FCMTYGPVF,5459.448
CAGDU85YG8UZE7MX,1993.9507
BRAE3TSHZWSBH2UD,4498.0938
RTRD6FYY7B26SHXC,641.6215
WATDGFAQCFCVSJPA,8511.229
TSHEHU5RZMHH3AHV,5384.6953
HMBE7G33NPATJGH5,1117.273
BRAE9RDQHWKAKP3V,7578.234
BRAECTFYJJNYCY3X,7139.0894
PBXEC8ASYZ7YS7EZ,743.91095
TOPE45NZKEMCDZXX,1595.5026
SHOE2FQCMD3TAYMF,3517.3691
BRAECZZTSHGQZXDB,3391.993
NKCE9PFFKH97YNZH,4794.015
NKCECGT3NM7QF8WE,7133.2603
CRTECYY4GWBEETBG,2546.6533
NKCEC8ANGCPBJRZ8,745.17175
BRAE8JUGDZBU9VR7,7411.5654
NKCEBUPHRGF95VC7,1940.3448
CAGE68FFZ2ZWZVHQ,525.4171
WATE2FAH5NM8VY5A,8888.997
SHIEHXZEFKZK3FSS,778.959
BRAE6YVWZ6KH2ZBQ,2834.8528
NKCEF9GTBBTUSVTS,8676.245
BRAE3TSHYRVTD8GA,4751.7876
TOPE4VR5DXAHVAG8,4148.0454
NKCE5YA94NVQ6TQ2,440.5412
TWCEJFXHKFKVGPV7,6378.045
SHOEAVPFUVHJJRHT,2317.2031
RAQDEHGUB5VZTC8H,3299.6687
SHIEBZB4D4GDYYRS,4340.238
NKCDY44FCVDHFMHM,955.17365
AIREFFFUHNZVZQVR,6164.1
BRAECKHYRHKCKCKK,7964.9746
RTRDZBJ5GRMDUZ8H,598.20026
RTREBTANEFURUPYE,6459.236
NKCE7ZNGGKGZKEYG,541.20984
NKCEAKKRNRCZZDV3,5000.8716
FABE92NVEAZSZ5ZP,4568.7354
NKCE9QTMY3BFZCQD,3104.8953
LJGE9TGN9YHYZEEF,4263.333
WATDNJVHHKXKVRGF,1867.3063
CSPEF6X75KQDJNF2,2237.9612
NKCE4VA49YHSX6KW,8220.539
POSEJUA75X5VGPAJ,7326.076
PBXEA92SYTPCDYMB,551.3466
NKCE3KVS9DFHXFPH,3926.816
MUGEBFGY49MKHHRT,2864.0098
HACEGPF9FDKV3EPK,5778.495
TUNE6BCYWTRKGGKA,8849.784
PCSEB3FAUUWKEPEF,8213.678
NKCDU4RZ2GGYUJGM,999.0962
TOPE8N3AF8HQ4GYA,6331.781
PBXEAFRYZSFHZ2CP,1113.4297
CAGE9ABAQS8WKHHY,551.48505
CRTEJUA3CYHVYNHD,6057.3667
PCSE4V8GWTGYMVFY,6146.693
VASEG3YYGEKHXWN6,3693.1702
JEAEGGED6PZQCGTQ,2063.938
SNDECRS4R3DV9QXU,6491.8755
PBXDT4FTQGZGVCNC,2502.9187
BRAE6AV3ZZQHKDCN,7873.2183
CAGE8PKGBKNCYKJK,882.0539
CSOE2V29ZTH5A3QU,3802.9329
BRAEAW9HSZNM5URR,954.7595
BBAEGGYMPH6QYBFF,4018.0325
WATEHYVPGMHURTKG,3227.0867
PCSDY5AFGFAQNCY9,1253.5437
JCKEEAEZMGBEXQFK,5247.9375
WATEYAP3S3TD5EMR,9889.718
SHIE8M9PWUF5H4SF,7056.7554
LPBEJGFEZNV23SVG,1922.344
PTPDXN7BGMQBZUTA,2777.8254
PAEE7ZWAGCXEKY8B,7609.891
CRTECN2QZHEJ6WJC,3177.0718
FABE92NVZGEQ4HY8,2302.5437
RNGEDAKEG2DV5Y5D,5913.195
JEAEGEFMHBQGU5NF,2013.1548
NKCEAY3RKEPGNWWV,3539.1643
BRAECKHYUPMRFRTZ,793.7472
PELEGTPGEMCWUGS8,3923.0989
LINEAVE2XKZNANN3,2932.9001
RTRDNGVMAKRQKH7Y,2994.8655
NKCEFG3D8UWFGKGE,2682.555
CRTECN2QVUET9PQ8,2955.9285
JWSE346HBDCSUGR6,4842.011
BRAEA2E7XHZHG2AG,1770.0308
PTPE2SSXSTFH6HYY,4948.0
BLBEJR22ZT2WUKBZ,8505.673
MUGEBFGFRPNWGQTD,1458.7168
PCSEDP3UF6EYPZZX,579.502
ACCEGUY72CYWXAEW,4527.2124
MUGEACY8HGXBNPB7,4117.9473
NKCE5VAAU2Y7ZW2Q,666.89374
NKCED53EQTZ6R4WQ,2665.084
PCSDY5AFPWQBABVU,8421.862
WTDEDGHHGDEPSSRR,17205.752
SHOEHEP5EWSGZ7XA,3761.044
RTRECEYMHGP3JXFV,11017.224
PSUEJA2HRBPYHA6K,2523.8267
TSHEDF3HADCJKGWD,3954.7402
NKCECGT3BZDXZ3ZH,197.56836
SNDE85CH2PN36BUZ,8120.939
SHOEFVT74G5BYHDY,764.15857
RTRDA4U7UE3Z7UMB,414.76108
NKCED6EXGZZKTGD7,3422.8796
PCSEAHJCVPRUPVHX,2373.7007
NKCDZFFRZEEMHAFJ,3269.9333
CRTECN2QVVTNPXXN,1309.972
NKCDSCF3HNMXRCF4,7682.958
NKCE8JXSHFBBQDKY,3336.113
SHOEF9G8CVWHRH5M,666.12476
CAGE2MACSYZCWHFG,321.98218
TSHEJT2R2XQJN8D7,6803.5596
PCSE6SJGQCXQGC6G,7628.6963
PLLEHQUGEB6D5FCX,4574.8555
RNGE7W8T7MYQQEFR,1378.4546
NKCE96SXDYMGSFBR,1238.4777
BRAE3TSHYGDRV2UC,1351.4287
FABEJX2NHNKCYHKA,576.19385
BEMEGFHSMHZYNZB8,7447.6455
WCKE2TFF4ZYGXUMH,768.9198
BRAEDZ9GVZHWZ5BG,8134.474
RNGEH3F2FAPU3TAG,2176.7305
CRTECN2QTPZCMCQD,2323.1582
HACEJQ7HRGNBYCEH,4004.8198
CRTECN2QZMHEU2J3,7405.699
DKOEAWE2SCYPC5AW,7948.867
ARPEE3YX9Z4QGJ86,2299.3005
JCKEJNH2AZGKWGZC,4690.379
BRFEFY5BN9VHU27H,1531.78
BRAECKHZWAGBVZXH,2889.4016
NKCE9HF3TENMYXZY,3291.1714
PCSE4SFFJSWJZVH4,5497.199
NKCEBHGBFEVC2ABB,5982.503
MUGE7DUFEC3VUZMF,5563.0063
GRKEG4UVAZTGYWRB,3932.831
TOPE4ZKTSBAEXGFR,3928.5864
PBXEAP3SWFZRHZ6G,695.54156
NKCEB5BVMYFMHAQH,1532.1786
NKCE3HG8FDBHK5GX,3584.3308
SHIE8WYNYRHSFCRR,2761.1238
NKCDSCF3QD5EGFJ2,5484.5234
TKPEG27A7Z6JWK6Y,5517.605
CAGEYFZW7F56GWZP,572.697
FCTEJXGUNGMHANE2,8056.0786
SHIECYFWJWCCHHQS,2510.5588
RTRD6FYYUQZJBY6F,4130.153
PACEB2XNEBZTJZZG,2165.6973
SHOE2GUHSZRGGZYY,5116.4624
ACCED55XRZT9N2HH,870.44977
TOPEGVHJECVFBRMF,4420.3345
DRPEHYHN3MYJDGGM,665.00507
RNGDXNG3HGFQXGAH,905.6254
SHIED9AKUTQZQ5ZK,3889.9995
CRTECN2QST3Z947Z,3798.0134
RNGDWKZMKNTUBPSF,3895.737
DREEJY2NVHFG6GCB,2464.9956
SHTE37DQJWSQ4VGH,5700.7075
NKCE9ABEYD53HSVG,5035.268
JEAEHUHKMA8EGUUU,1727.9532
SNDEHZPDGB2ZT8ZY,4067.4153
CLTEGMUMJTPY4RMG,5215.4644
BBAEGJFQZTGFHJHD,6603.5513
TOPEEERRTBB77BXA,5582.914
NKCDWBPZQANZRF5M,3676.246
PCSECV3FSSB22FGE,6468.2974
NKCE6WR3ZWHWKEPQ,2211.533
MUGEAGGKQM37W42E,3705.9712
SGLEGBV4QFHTNHE2,5009.4824
LFHDQAZP4FHGGZEM,6053.813
CLTEJQ8FTCZAEPNG,5739.955
NKCE6XU6DAWYHWQP,987.32886
TOPEBN32XAZ62CTR,3293.2917
NKCEANMPATURDMHV,602.5788
PCSE6X3YCSZEG67R,17888.252
BRAE4DHZDPMTFZHC,7148.953
HAREGG26GDJWFYMF,973.63416
BRAE3TSHWZREUJAC,2118.3066
USGEJPQHZHYZQHBU,6002.5166
WSCEJTDHY9UHKP5K,9143.464
SHKEGNS9TWHJAN6Q,4669.6035
SHIE3FHYRRQGFFXN,4366.321
SCHE4YSTYDQBDYQF,3112.9456
SHIEFFFPDETWTWZR,2916.0696
ACCEAZCVPTGEGVMR,8098.3574
SGLEGBV7VGZM7BFR,12424.206
CAGE7BZ56MVQGKAB,2119.6196
NKCECG6ZH5MJT4B9,2600.9487
RTRDZBJ5FZSU4AYZ,4571.6406
TROEG3VYGVSB9F5H,4377.8086
SHOEHXFAM2NDZBHW,3567.1545
BRAEBBMQY9VZRC7G,6809.396
PYJEH93NGYCXNNFK,637.21014
SHIE6ZSBHCNYY2CP,3485.9124
TSHE4DNGUCMVXYUH,8886.845
CLTEHE9FD2APDRWQ,4417.444
SHOE6ZVUSR95HF6P,8212.049
SHIEGPXGZTK5B3GT,5894.7163
CAGE2XC2HFSSQNSM,2396.6233
SHOE2ZNGUCA4DHHP,675.73914
CRTECN2QXHEYVVTX,2367.5205
CAGDSNMD7GV2GYMH,1282.2421
SHIEC8ATXGYEJ4GD,4109.0244
CRTECN2QYASYFKGS,2534.3376
CRTEA7HAHHCSHCEM,5255.415
WATEA2H8FTBKZGGG,18996.229
TOPE7T4YMXRK5BVG,742.1089
NKCEAKKRTHT8RNC8,3387.9495
NKCE9HF37STYM5KA,4354.221
SNDEG6GXFS5RYFGK,10125.925
ACCEGZ65AEVGSGZ7,598.258
SRTEH2FVVKRBAXHB,506.89352
NKCE5QSZ6FQSNBDF,2887.0745
SWIEHF3EF5PZAZUY,3351.0586
RNCEGBGW9PYRXNZY,5973.583
BRAEDSHQ6X5YYX6N,3179.0388
SNDEHZHVMR3XPBST,4395.445
ACCDX8ZVV2RCNYCY,1255.9712
SKIE83ADUJ28U8ET,1234.3672
ACCEJ6TEHCH7MCQ3,4153.063
CBKEJ3ANRFJUM4TM,4500.681
RNGEDAKBVC9TKFHZ,6355.368
MUGEACY82GPXUBAC,2489.234
RTRE4VNCJZ3UPGQZ,3342.2964
MATE49ATDVVEEEAN,5674.753
NKCEAVZ3EDVJNXMT,119.54043
PCSEBXFVZSYJKRCS,8456.135
TSHEBSF9NBDWJXZW,1334.4956
CRTEA7HAQQCGTPFU,3655.6519
CAGE3FX7HWMQAPCG,188.04248
NKCE9PFF3WZAZZXG,282.4869
RNGE3YSW9ZUZWYQA,9600.7
PBXECWKZHWRCZZPJ,1820.4296
ACCDXFA5QFCZZ4WZ,6433.7886
NKCECYNZGHYQEFHY,4167.931
WATEBYZGCFGUP9HG,1079.0227
PELEGPF7UHM3WUE8,6000.928
MUGE9HRRWZBDVHZ6,2821.6206
PELEG5CSGWYFCFNQ,729.55426
PBXEBQGMBP2VJTSQ,2185.875
PTPE4JYTPVYZ8ADY,6379.008
SHIE9J6PYVBW5ATG,2534.3376
ACCE5UKY6UXGVT9P,2689.9614
CRTECYY4DCRARYG9,2505.0066
SNDE8VY9K2JGMJJZ,7327.053
CAGE225HGFQ4VSSK,6324.6514
SHIE7PD3EF2NCGBY,4175.3
BOTEHZDGPGFHVQWJ,5324.018
NKCE7MMGJSVN3J2W,4618.3076
ACBECFGTRZCFBJZJ,6221.774
WATECYMJPRYH8D3E,5053.7637
DREECDCRPFKFH6EH,4971.3696
CRTECN2QVZFZWKQS,3887.0825
CTTEH9FTTMQQHD9V,590.6526
TSHEE4WNPAZGNG97,651.62354
CRTECN2QVS6GJZHS,4468.752
SHOEHYEXVYZRGMGJ,4094.982
SHIE9FMPQBGXGTTH,3857.2402
CRTECN2QXRVZAMUH,704.0728
MNKDZKF6WYMMF2M5,3537.1978
RTRE63NMMRZ8MUJT,1188.6376
NKCEA8US7TNGUJPE,645.60205
CPLEHB7C7QYBDMTV,671.5367
NKCEANMPCSWGRBH5,9694.615
NKCE8NDJ76XBRZ2H,1806.6643
LJGE9YJHTJZCQ5VP,17.737106
JUMEHGYX4SXZB5K4,5911.6294
TOPE7QTUPGHXCBGZ,6120.533
JEAEGE5F2DTDJKCZ,3152.1416
ACBEAWCZBU7RZGGJ,3599.7065
PBXEACG2NG3RZZAF,620.3546
PCSECYY4ZSXXVKFD,8471.745
SHIEBBWHC4YGH5GY,13716.307
NKCED7FPT2YG2GGS,3859.417
BRAE9C3HQTDHK7HA,3052.3206
SHIE7ZWAT8HEHBZX,5957.0127
WATE8H957FY57WCH,1460.9481
TOPEHZNPUWSFVHKM,698.0271
ACCE7B8NZXHA5ZV9,7466.5254
CRTECN2QVBDPEQQ2,5369.5117
HACEGPF9EMXPSEJU,837.14435
CAGED4CHGZGWRKEB,537.8313
SOCEGHM6JKRDJY33,8677.366
BRAE6ZCHDGWRDHCW,383.4625
MUGEAGGKFYCFTBUJ,4582.045
NKCE7MMGKZPBQQS2,4241.4795
PBXEBQGMSHJDXHKW,3687.0396
WADECHFGPKW3DHDX,4314.9307
SHOEG7NXNBF9PPJV,7239.7295
SRTEH2FVUHAAVH9X,656.964
WATEYAP3WGHZZ3FA,1449.7793
DREEAM8QTHGSDYJV,3892.444
PBXEA4F5VFXHSCY8,625.7248
SHIECYFWYYZHU6NR,1453.0398
DRPEHYHJQNGXBZNU,3503.2764
MNKE75M6XXECTDK6,2125.0833
WATE9ZYZRREUHQN4,4350.3726
WCKEGM8FGU9ZT8QG,1146.6802
NKCE9PFF3GCQYWHR,784.71375
BRAE9Y5V963WTTNW,8517.068
CRTECN2QWTEBGJAJ,4459.233
PBXE4RB3HNFDXGGN,3442.6978
PACDZTD7YB2EUMYE,575.2089
KRTEJNFUHUUXGPZT,5335.5522
RNGE87FCDRS5ZFGG,5010.134
NKCE5H4XW2PH6KFH,8541.704
CAGE44J5NGQHXMHF,9125.378
BRAE3TSHZRMGEHDM,3938.0671
NKCEANMPKCEZADTJ,3937.64
LJGEJPFEVY9GXNGG,6987.9385
BRAEDSGQVSTGKAYQ,1136.7354
HMBEJCMHXNY6SVVY,2618.076
TOPEYQHGTHDHSJNM,3920.6936
TOPED9T33BGVTQZS,5963.2
WATECDB6HPXBVXCF,4441.487
BRAECPQ5HFH5NFAK,839.6215
ACCEGKXQ8XFPHC9T,4859.602
CNDEGP52ABJZHGZY,1305.5597
NKCDU4RZXFGBQBBP,3911.8623
NKCDU4RZYKVHDKUB,6732.3193
SUDEGGB3JXAEBFYW,1812.9518
BHGEGTATDSHFENHT,5110.9424
CRTECN2QWSVZAX9V,876.8201
BHGEGTAVWRZQTU6T,698.596
MUGE5HG8FG7YJHMD,999.5498
TWCEJFXHMSCXWE9J,6581.661
TOPE8ZAFZZ6YMGFY,5106.2627
ACCDSY8EGJPW7RJB,823.9175
SHIE6ZSBHDEBFCGM,3826.7327
PBXEDDEFTWAW3HCU,688.7727
RNGE87FCDWVPDTKV,3142.78
NKCDWBPZVFY7H9UY,3053.6753
PCSEE4H5CYRKNRZR,561.14685
CCVEFX3Y9DFJVJUU,3978.1746
DREEFJ44EBBUEKKY,6772.07
TSHEJUCY9HGZMKHJ,5637.967
CRTEHSSCUCMVN7SP,3610.6477
ACCEGZ5PGHCDZTNY,3820.1548
KRTEC89PH6PVAQDT,1548.5656
ACBECFGTGENHAGDR,667.7746
CRTECN2QUSZGGH6Q,5092.6826
SHIE45Q6SJGSMHTN,3584.387
VANE3KUFNUEGQNKH,6555.7373
MUGEBFGFM83MRVN7,2355.0554
PCSE6SJGYMZB6CHV,14960.071
BRFEGHPHWBTHAX2X,12067.189
TOPEB7BFCW7YG7KG,7134.0674
MUGEAGGKJM5GUWQH,5762.0933
NKCEBFWTSMKDQZMR,615.68823
WCKEGGN2J66F3KAF,5751.566
NKCE49ATTPYAPNWB,6344.374
BBAEJKEC2HXUHKQE,4062.5398
BEOEH25NTUDGG5TT,1129.209
NKCEBUG2XMBRJDGV,549.2544
MUGECEVFKZHBDRWM,3583.194
CRTECN2QX6RSYSRG,924.65295
SHOEH4GRSUBJGZXE,1300.8508
NKCEAGXHHAAGNS2H,4653.293
ACCE3YFFWB4HHHG2,2972.9343
SHIE6ZSBWSCTKVTQ,2409.2961
BRAEAQMANF5GRRDB,8708.099
BDSE7WQ37UVSX7SK,4066.9792
CRTECN2QUT9HQH2T,683.7844
PAEEAMGFVDHGDRG5,13303.83
NKCE5W33KFFZDSDY,3736.8433
RTRDRJF8GJ5AFZTG,2695.8157
WATDA5ZAXAP2VTGQ,12422.316
MUGE8NZC8ZHZPNFF,3218.1797
AIREGYYZRAPHRFGD,7155.384
PBXE68H4HF9ZZWAB,11159.906
SNDDXFQHUDJDHZG2,5834.608
PCSE4VAVWZZECB84,8623.173
CRTECN2QVCCD9PHT,2829.2937
NKCEAGXHSCG9YHAY,3220.1895
NKCEBYWTBUEBCND5,4871.1157
NKCEBVFYZHDYZGHD,4297.9976
SBGEGE6TNPUX8STE,700.04114
TOPEFCVHACWGSVHY,4860.039
SHIE8QE6RMNSGPAU,3243.8032
TOPE5F53Z6W4V2CP,3315.6353
BLAEE6KTGFDV8NGP,8114.9346
TOPE89H8PCWMHBCP,5760.007
NKCE9ZWYZAEAGVAK,4547.232
DRPEF2XSFBAP4SUZ,5321.385
NKCDYHF8ZEK8ZM58,3595.5693
SHOEGRUNZPJDGG2Y,4337.8105
JEAEGFMZ7SGJWBR5,5453.7886
BAREGGF8JSE3HTF9,5019.177
SHIECJ45TFDT4EPB,2801.148
CRTECN2QXUBGMWSE,3207.7158
ACCDVPGKY3GBDB5P,6568.6064
CHGEJCWFY4HFYVZ8,1383.5547
NKCE9YX2HGNZSZRV,12010.686
DREECJD8CZDDUJNU,4227.368
PCSEC86VEBNYKRB5,9771.773
NKCE93H2ZTHJGFVS,2652.1587
SHIE5HBGDYSHVA5R,2418.6348
DREEDVHXDYJCAEBP,11509.561
VLBEGFFEMY8ZFEMJ,650.3404
HCSEHGV96WXQCBN9,5137.7812
NKCE64Z489PQN4U4,3650.2178
NKCDYQ3RPPERYA9W,4996.5537
NKCDYRHGP2UFXMT7,3286.1477
HFCEGNQBS8P8EDHZ,5377.0957
SRTEGWKHXHCF2TME,6838.271
SOCEJPT5ZR5ADJA5,8538.403
BRAECFAREVYWQSQG,1016.4002
SNDEDTCXWCGDH2HA,6098.24
GLSEHPS7UYJVYUTR,990.6077
BRAEBBMQWBGB5ZFQ,2225.3174
PELEG5CSGASSHHBK,827.5448
ARPEE3YXEPFNJGUZ,7152.478
RNGEDAK7ZDCDHUZF,12519.499
SFFEGG74CMKFQVHF,3496.8699
NKCDTAXFQMHPMUTQ,8259.887
CAGE9ABB78YZUHEQ,8471.224
NKCDYQ3RCVCSYD2E,3133.644
BRAEBUHYHEYKZKHK,7216.4805
WATEBMY8HWCHMZZ5,4689.0254
SHOEBYWT3QBBAVXJ,5398.2915
TOPEFGG8TJGJ7QDT,5305.669
VANE3YXDHDRWR9FU,7058.061
ACCEGKFHHFX5B8HJ,3506.8108
RNGEDAPSZFBHAGJY,4879.9106
LJGEHFBTFDGHGGWD,3444.13
NKCDRDWAZU9ZJNHZ,4415.026
CTTEH9FWFHGR9EPK,1035.8846
BRAEBXRBH28AMHPF,8114.9907
NKCE7MMGPQRJ3PEH,2911.5999
BRAEB9SJUP6T68FB,3169.7832
MUGEAYHPFEWRVJH6,2315.7488
NKCED6EXRYZV74VY,690.2165
POXEHPSHDKBCTWCF,5210.829
SWDEJWDGXNYEXPXF,2548.9382
PBXEAP3SVFJRZJK2,3936.108
NKCEBP8AQZGMMWT9,5162.5405
ACCDXH5JGXMTZFTZ,7136.0156
CRTECN2QZUD25VFN,1754.3198
BBAEC897YCBZPV8H,7108.792
PENEGGTYTYGDHXQK,5171.03
NKCDW898UNJX5BWE,4942.43
NKCE8ZJ2643HGFYQ,6403.7495
PWTEB7H2E4KCYUE3,698.19403
KLSEGTBQ6PSU8NTG,9171.943
TOPE7QTUDHZZZHVS,3531.5754
ACCEGZ6BY4ZPBWWV,654.9515
NKCEYUVR3MHTVGGJ,10845.809
NKCEB2S9CGCM3CCQ,3629.98
NKCEGGEKZXHG2ZGN,6156.5693
CRGE9667SJM3Z4PH,1051.4113
LBXEHH5WRYQQGNSM,5463.0063
ACCEGKFHRM4ZGYZP,689.919
BRAE4VPRPHT9SYZZ,1432.0956
SHOEBDTHZDHFPHHG,4835.5957
SNDEJGYFP2AT3FMH,806.6976
CAGDW63HG5JBCVGA,524.6044
TOPEBBGNQEVQZ2W6,4289.2905
TUNE6VK2GCBPBYFW,873.2415
CLTEGMUMNQXUEHHX,6465.886
PTPECA2QYCZH8MBV,3263.119
CAGEBTJCMAJG7NW3,2420.9336
SHOEDHHSRF6FMWGA,2328.6702
NKCE9Q93AZYXVKYN,7058.764
PCSE2ZMUZH9PARZZ,905.22485
NKCE7MBRM6JAPEAX,648.65594
CAGEBTGEHMQUS8NH,6657.2373
MUGEBFGFRUMZGKNN,2400.107
CRTECN2QVZZS3FER,2184.5132
WATDJTR93NB8HHQC,6959.063
ACCEGSAZPGAHTHNH,4643.7373
NKCE73KHF8KTYMRQ,3815.1099
TSHEHU5RW2VDGFKZ,5864.069
CRTECN2QUHGUJNDZ,3651.0872
RTRDNY65WHG9FHTS,8211.82
SUDEGGB473ACY9MF,242.45367
SHOEG7NWGF93MFVT,4665.53
SGLEJJ6HEU8GVW4W,935.3714
MNKE5YG7USVVTPCZ,2299.4863
LNGEBDTBGWTXTYWT,4665.986
SHOE652MJRRMFBEF,2053.5828
NKCE87C3C9QYYBTM,5115.7495
CRTECN2QVJBRMHRN,3107.6697
NKCECPQAERMCV6YM,1231.9993
SCHE82QGQ2XPDCYM,4107.561
TOPE8ZAFY82P7AGT,845.7309
RTRD4KY4UNGYCZFG,8352.263
TOPECRP5KCUZWYGA,3303.0652
NKCEBFWTHMVVNRDP,537.89014
CRTEA7HA7X3CW7YQ,3539.1643
NKCDXHWZHPXRF28E,3272.0315
TPYEGGGZHDFZWZ2X,1443.2339
ACCEAZCV9DGDZDDD,8044.381
CAGE7DUYEYWSYGBY,710.50836
SLBEG68TKWYVGNKT,6877.576
NKCE7MMGWBZPZJSZ,2418.0088
NKCDXHWZGDPDJG7X,4102.51
CAGE8XYYGMRKRRCH,7474.7744
PBXE9FEBPXAKEYAP,9876.202
CRTECN2QZVH3J8PV,3897.544
SHIEC8ATMHEWET32,3220.1895
RLRDY36SXZNHEQWA,6138.1973
CRTECN2QVP7WKETJ,2365.1394
NKCDSCF3PH6MPP5N,2762.623
BRAE5PKZ8QXFHWGK,1885.3193
NKCDZHF7TKGY8BAX,3359.06
BRAEA8YRRGJJWVHB,1938.8042
CAGED3YQSJXNZRJF,4287.159
CRTECN2QZH9J6EHK,3282.0898
PBXEAT5YASJRMNG7,1495.1602
SNDEDGAFFSHFKZN2,10004.305
BRAEBXRBYGYKC76H,7675.336
VANEB97UCYGMNHRY,6837.4463
CAGE9ABAPMTWEJGH,5457.77
TOPE8E8NJXHZ4S9N,4045.6543
SKIECYAEGGB8EPWU,5912.6377
ACCEGKFFSRRVD7Y8,972.4621
NKCEYGTG8H79NJYY,6605.616
NKCE5V95W2BFNBCZ,2936.9429
TSHEHU5RTMMTFVFG,5841.047
NKCED6EYRDRJKTPC,11927.782
SHVEGZUHGVYZBRW8,10493.437
NKCEA5FHSF4NWKBT,3.0665119
ETHEGMHHGGCXMSYA,183.9079
MUGEACY8U2HXTXZ3,3806.253
SHOEC8QG3CV6YYDJ,4597.368
BRAEBUHTPZGHB6HG,7465.056
CRTECN2RV7NHG8XK,4571.1284
TOPEFGG8FEQUZSMS,5135.45
TROEGZMRNERWAHEB,1015.592
SHTE7FR4YZZ77Z9Q,6185.04
BRAEDZA3KZVHZZHZ,1970.9664
CAGE8X8XGZGQGWVN,4219.405
VPAEHPYYFKG4NG39,4013.1157
PTPEFJHG6SUSBPG8,5178.389
PTSEDAZU69CBFF2M,4991.54
BLAEFNHBFWEXG6YM,5866.3604
HIFEB7J3RCFHZ5DB,6484.0454
BRAE3TSHZWH8YWED,2597.242
NKCEANB7H8P6QY4K,2010.1373
CRTEB774Q8HJYPMB,4537.6704
PCSDYQEVGFZSGRQJ,1112.5381
BBAEJKECZ2ZNAUZQ,2073.9119
BRAE6HUHPGFHGEER,4781.082
NKCEFMZUGH4NG7F6,2498.2793
PCSEE4H5ZCFWZZRZ,2014.15
BRAEB96BZWFCDVY3,9213.847
SNDE95MFPFPJ66M6,3198.9
KRTE9JEZ28H4ZWM4,1338.6678
CRTECN2QUTVCTHHS,4974.7935
CRTEJUA36GHKGQEY,2646.2563
SUDEHYGUMVVYKJCW,4461.307
WATDUNJ7YKMGG9RZ,5540.007
DIAEJUCEZNKKK4FK,2720.4277
SHIEBZB49VZZQRKK,3815.1099
TOPEAZ88AGF3KJHS,1388.1384
DREECR3HFXYFPHD4,3503.2764
NKCE8SESAZ4K8HZC,3969.2366
SNDEE5FMQ5YQAKMZ,5508.2417
RTRE9N5GJGJ2GMRV,624.5837
WATEBNXNMQQQFSQG,4586.22
SNDE3E6YB6AZJDGC,15576.862
SWTEAW3STNNJSKNP,11131.294
NKCE7AGZQB7Z7UFM,2708.335
WATE7VE2MFQWBF4H,554.14325
PCSEDCWJBHDR9EYU,905.0114
WATDZ2ZQHSAYJPWK,9065.978
DREECJV2GVFHGQB7,7055.936
ACBECFGTZHFZ64PN,6081.962
BRAE3P8YHGJF5WUZ,2925.9236
DREEDVHXSAAZSBTZ,2437.631
ACBEB3489M4NQZBD,4996.535
EMSEDSHQ3VU6T8Y2,3709.4417
SUDEGGATDVCMWGGH,4561.5825
PBXEBESSDYBYUGXT,8375.68
ACCEDFVFVMKXJGGG,6062.427
BRAE3UG9P8GJXZ2X,3220.8296
SHOEJUQFQURGGFY4,1258.8564
SHIEJYHMR7DUKT8W,3003.7114
SUDEGGATJKZYUZUP,2392.6182
RTRDZBJ5VAZG7VGC,7173.871
RNGEDAKBZPHKHGCQ,6636.5107
BLAEEH2ZJ3G9DA7G,6299.4424
SHIEB468NVUG5HMP,7690.234
BRAE3TSHZQDVSGYY,5290.8286
PBXEAFTPFDK6BRHK,646.6699
TKPEFT4AD3ZQZZHN,6635.309
ACCEGYP259YXZJ4H,2340.5947
RTRE3KKXMVHMRQ6C,500.98965
NKCDXYFHHPBSYJDZ,4121.542
SHIECASQHFWX59GJ,3300.4226
TOPEGQKDATUDJTAG,5937.738
BRAECBDFZAEZYD2Y,1076.4946
WATE4S5RZ8P5JZHZ,11128.325
CPIEJHF6GZEM7SPY,6576.33
CRTECN2QVMFZFNGC,2943.7622
SNDEGGRYTVYGPR6F,2515.3877
RNGEBPU7PG8W88TV,10384.11
HMBEDCJHT4FCFKGD,7666.519
NKCEC87S2ZAZBYAR,2903.3247
NKCEC88C4GV4UFN3,5560.647
SNDEA42M6GZNV7M3,7021.803
SGLEGBV8BENMFZGH,1671.684
RNGE7M92PHFGGBUJ,1090.3278
BRAE3CYXV4JGWEDA,1369.3779
CBREGYBXZKY5VKSK,615.94147
CBKEJ3AN6GEACKYR,9737.6
TOPEBR5GNG9MACAD,4531.393
FABE78FYGHF22FNE,6906.533
ACCDX8ZWQFTTGZYK,10793.53
KRTE39Q4GVHFHWZV,5578.5254
ACCEGGBTG3HMNHNA,3804.555
RNGEGMMBCJGQGGEF,10152.076
BRAECTFYVHHKMV9H,6481.9595
NKCDU4RZRCYAZHY7,3715.9795
BRAECFARHCG7P8WT,4585.6064
BRAE3TSHZ2XFSNUT,2821.0203
JEAEFYQHSR7BWPG9,1357.0494
WATE3HFNMGVTZEDS,1616.7461
SCHE3Z7Q3TSVYMRP,4965.711
DIAEJUCFHWGHUQFP,2899.2053
NKCEASN6TXJGHZUE,5976.1665
WATEYAP2ZFEV2JKG,4986.843
AVCEJCHCDNFTHSQC,5310.567
FABE88MH3NGH8MUD,3390.033
PCSDY5AHFNSPGSV8,4299.3716
BRAE785RYFT8WTHK,7273.527
PANEJQ5YHAHQYD4F,3854.657
NKCED6GHCAHTHNCZ,9448.86
ACCDVDC8S5JWEE6X,6158.173
RNGEDAK9YXVZV6G9,5299.396
ACCEGG9V98NCXGPE,4588.8994
ACCEGH6RNERXNQHW,604.8409
BRAEGP6SFGYKNNCD,6596.2056
RNGEBQZQGQVJZEHC,5711.774
NKCE9G2BGNV9RDXG,3499.9368
TOPEYP876AAGE9NC,3405.4688
RNGDTBQTBEMPDBMB,5278.2847
PCSEC86VVTQJN5AQ,7200.319
NKCECZG4EYKY7XEH,2404.837
PBXE5YGWHMS88ZBW,3324.0803
NKCEDCT9CFG3HCAQ,2053.1726
NKCE3Y5PDN4U66HC,6902.7476
NKCEANMPKCDG8DRP,9325.998
RTREFDXTZ4GGGAEX,3120.0645
NKCE5WSJTFZWUWBV,5178.389
NKCEB3GZSB8GTXCT,3929.6406
NKCEA5FHBGJ9JPFY,382.85077
PCSEAN2WCFR4FXVB,1190.4347
MUGEAGGKYWKB6YGX,3835.878
RNGE7M92HHHRXZKG,9367.042
BRAE8TFMPNB5GSF5,2221.702
NKCEAFDAZGYPTKGF,7723.3403
TROEGZQHT4UCZVKV,4399.4326
PACE5P38T4FEUHZC,2382.7783
NKCE8E6YSG2KQEGD,2994.1904
CAGE8PKGGGHUXMEN,425.91675
PBXEBJ4NUDH3PXZY,12073.993
NKCEA5FH8FXQKFAG,3787.482
VLBEGZ7SZTDCNGTE,11149.5625
NKCECZG4HNVBZRYY,1052.3037
NKCE9PFF5XE5AJYU,620.0556
TOPECB4EZYHC6C3B,2979.2688
TOPEBW2YNZX56YAK,5299.1494
PCSEAKVBT8SMGNXV,1395.3752
MDYEJF57MVYHRCUN,5867.2656
FABE7B2FGV9CDFZH,671.1973
NKCE89MSGZ7NVZ7D,3736.011
DRPEHYHH78DZHUZG,551.89764
NKCEDCT9HMYQSMGV,3274.8792
NKCE7H5KZTH3V6AF,3986.9966
NKCE2W3WYHE8SCJD,5578.8774
NKCE9PNY6Z8VKAQY,6484.128
FABEAJUHWGPHZUGU,7240.4575
SWSEBS2UXYZBSY2Y,4686.011
PCSEC86VA2HGZGXW,5651.32
BRAE9Z5TFXB7466Z,410.51538
LSKE99UKDTDN7HBM,8914.586
NKCEBHGB3FZSR5RH,8946.178
TOPEHZNTFAHEZMQA,595.4712
PCSEAYRTZYDSPGMB,7234.739
SUDEGGAUR7EGNEQ6,7629.9067
TSHEB72FPCF54KZU,6773.055
SHTEJGESKVEMGRYR,680.59515
SHOE2NKQ4NXGAMYX,3639.9106
BRAE3TSHUSSFTGHN,7363.338
NKCEAHPFWCZQQBAG,3344.0593
BRFEHTTQHPRGKZZY,5295.3154
BRAE2NF6XZZJ6EXG,2941.3853
NKCEYUVRNDSCECZR,2977.5828
PBXE84AFK5C9NMYV,4923.781
SUDEGVG4VNMYZWXT,3116.9673
NKCE5W339WJ23R7Z,3212.044
CRTECN2QUBGAGPCK,6004.645
BRAEGG4P8HYHRAC9,4128.0757
SWTED625BMZKJXHP,3466.8364
BRAEB9SJZKCAY5SY,3779.3398
WATE8E8PCQJAQNAP,9096.095
MUGECJZ2AHNZ2JHS,4037.007
PTPEFJHGGFH7GA3Q,4090.6318
SHOEH76627H5HRHM,4983.9805
CAGE9ABA6MTKHCNM,666.6088
CAGE5NGBUYYEVZ8S,686.2572
TOPEGH27GZK5XG7P,11885.856
JEAEGFMNENQ9G6AN,1376.8562
MUGEBFGFYPNW7GQ8,2050.6382
NKCECYNZGPXQ6HR6,4128.996
RTRDB8GKEGG5E3XG,3089.6965
NKCED6HQP5QHVGGP,1031.4977
PBXEBWY3QC5WCPHS,360.29755
NKCEY8KWTM9HZKDJ,7056.3384
ACCDX8ZUCDGVWWWB,5325.552
CRGEB5MNWY2XSW7T,6442.296
PTPEJPZSEFCE3CZW,5038.559
RTRDMTEPFH3EVUM6,465.5448
SHOECQQFYNSCRFBR,2809.2942
PBXEBQGHT5PYSDHM,621.98267
SRTEH2FF9KEDEFGF,3923.7114
TOPE75N4JHUJCF2H,9208.69
VAFEHQZYGH5HRJJP,634.804
BRAE3SGZXAPZKGDK,1898.2051
SWDEJXHARNREQZVK,5956.97
SGLEGBV5ANNWWFZX,9249.548
SHIE7BZ9CHKNXZJU,556.9962
BRAEE3RMMRRFQ9AD,3051.3835
MUGEAGGKYSMHGRMH,2334.2974
MUGEB3GZ4ZYHF24Z,2233.193
CRGEYZ5FGRTYJUT6,6217.504
TOPEGHZ7ARZWUVFS,2055.905
CAGE8PKGXDZFUTHH,3029.539
ACCEDTNRXHXZKH4G,5297.23
CRTECN2QZWHEJRGA,6454.332
PCSEBZQ5GMBXZFCF,1634.4572
MUGECEVF7HGA3QMQ,3790.503
NKCE6ADEUEPXCHHK,2599.4543
BRAEBBYRZKNYWP6G,2075.2273
BBAEGGDE8QWHDEYB,4370.303
HOKE6KZCEZJFHQMY,5032.132
BRAEBBYRXQSD8NZX,2593.6692
NKCEBF56FWWZ35HR,6626.365
MUGE5HG8VVGMBN5M,3045.682
BRAE5VA9GBGW7M7K,1020.9658
CAGE7TVZ8PH9GJQU,9798.659
CAGE9ABATUHJ8G4X,10207.208
MUGECEVF4WG8JSZ9,2893.9922
PCSE4V8HRKQH5A5V,8737.233
NKCE4VA4FAZ7FTFM,244.59978
BRAE3TSHPTKBVBHK,6857.336
ACCEGYP2FYTWVKUB,1834.5525
CRTECN2QYKPMZGNZ,2533.0654
NKCDXEGW7APJ97YS,4221.1787
NKCE9ZVGJQNZWRN4,2345.089
HAREGG26DYDGEYRH,4593.259
DRPEEZNFGG9J9KAV,1035.5448
MUGEACY8EWA937QD,4158.587
NKCEA5FHZSG4SVZP,4305.5825
TSHEHU5RPEPPZW2R,6038.0913
TSHEGF9S8MT2MVYV,3253.4663
SUDEGGB4ES3XZCKP,998.69244
SHODPH4GEYW54KMT,5907.3726
TSHE4F2GSWVGKG4D,6298.146
SHTEAGGFBZGZMFCF,4746.9287
RNGEH8WN5KNHEFWJ,4380.12
RNGE9HDPGG8ZHUJZ,4276.0913
PBXE9EJKVEFQQTJH,5348.2275
NKCE4PZ6EPR4AKZY,598.6516
TOPEHTU46JAHMV33,5010.134
NKCEBFWTYSW72YJK,2068.81
RTRDY9NVKBBNGYMU,221.00659
CAGE3GFTKFNDSUJY,7717.927
DREEAEB8XNSACHQB,4992.328
BZREBXM8H66HR9CX,4198.5605
RNGEGMMBHHARCJ6H,1983.5392
SHIE3QDHFYNWATPT,7760.3403
MUGEBFGFYQPGRQ7Z,3287.5305
RNGDTBQURWKKGMZZ,4120.1885
AIREBA9VGER68DFH,8416.159
SHIEB7957MQBWGV3,4290.9316
BKPEGXYVX4CG7UWX,6344.727
ACCEGZ6BBHDP23K8,4626.6274
CAGEBPNU8TKUG6NM,2148.5366
NKCE92XFXH9HH8BT,8220.539
NKCE9GR9GFMQ9TNZ,4966.632
TKPEGM48GGD2QKZN,809.3616
BRAEBP5JJA24D2YS,6392.299
CAGE6FYKDHFFNFHG,7266.313
NKCE9PFFKZWGCJMV,2186.1467
NKCEC87RGJPXNK7P,498.08475
SHODUMFYWHFYZRPY,4152.509
BRAE7DNYSXZSXG9S,327.94516
SGLEJJ7HNYDPKZ5P,5198.089
TSHEGMWZYCTCDAAZ,7196.5444
PANEJQ54895A7GHS,9689.924
BRAED6C5RRZJBRNP,6674.836
PCSE4FKCGZNGNHFN,5388.5273
NKCDRDWANFDGXSSK,705.018
MUGE9P6DPPNA4TUS,3976.3306
CRTECN2QZ7DHY6GV,3299.6687
BRAE6FMZTRTKVXU6,1587.2871
LEAE8UKZFQRUTMAG,3336.4907
SHOEAPCYWEAFSFU5,4444.051
SNDE5TY3KAETEZVX,8635.539
PBXEAFTPXKDJHHYN,3030.524
TOPEGWURCXSZMQ6H,2879.3767
NKCE9Q93NGS45HGG,7501.3853
SNDEAYZZWRXJSFWH,7493.149
NDNEJRAPFDZ3R2HG,1444.4918
PCSEDP3UUPFTQFCU,7195.702
ACCEGH6SPZF3AHH6,4401.0195
NKCEASN6ED2AZSGJ,4491.7876
SCFEFTYSYX8BTZ4P,5156.164
PACEAYZANXQFKGZ3,2285.0771
RNGEDAKCZHXRBG9G,6442.296
CAGE4Y4FXXUZS4ZP,7625.119
WATE7H4UYKQP363Z,11251.269
CCVEFX5JZHYKHHHF,473.46634
CRTECN2QSBAQ24DZ,5636.271
NKCECHX4UCYT4MYX,442.92606
WATDAZPXK8FSPGB4,10468.111
BRAEYFDEH7WZVJVG,2274.8323
PACE43HFHCYGHYFK,3938.6545
SRTEGUA8AG9HYTAH,2851.3909
RTRE96W36WAJHRCF,2715.8037
RAQDCNWAHJK9JNUY,582.8619
BRAE5F3KGVA8WAJH,2805.8525
WATDZ5HGDFYKXHYT,1918.6918
JCKEJNEZZ2RFFJS5,5881.3203
TUNEAUVH8G8ZPGYC,8593.704
SHOE44ZFTHMTAB6C,3920.6936
BRAEE6YMGMKH7DCZ,8073.6895
WATDGFAQBJJV2TTK,8792.828
MUGEBFGFYM5T6KNW,2519.9219
SHOEBG6ZS2YREWHD,4891.473
PCSEAKVBBGJAZTHM,889.03345
ACCE73VFWU9JYKEF,3190.8005
CRTECUWZDJRHRFNK,2926.111
NKCEBHGBYC9ZH3ZX,4219.926
NKCEGMUCHG4CKEGB,5800.457
NKCDXPZS8AZMWHZB,233.3772
CRTECN2QZFVWFX3S,4987.957
RTRDW77Y4D3QTBUG,412.69208
NKCEA4CAWGKJ5SBV,771.59314
CNSEHF8FGDHAGGGR,6538.6177
ACCDXH5JHWBCNQQ4,3164.9143
TOPE4DS8VQC2KCD8,701.15
BRAE7T3WRRVYQQEG,1382.1876
CRTEB774DZGQJXV8,1683.6019
BRAEGJFXWMKWGTG5,6613.5986
TSHEE4WZVGVAMRAP,5386.4253
CGCEEFZSURUGRCUG,2820.869
NKCE6NHRZA6ZXMTZ,5100.8545
ACCE8XZMDHKTDDTY,6169.628
TOPE954FVTRCRXUN,4823.4834
TSHE4S257WYDXMMX,7096.805
WATEHYW2GJW9SZYZ,2462.2869
RTRE2TYN2XUPCEVH,2661.7747
WLKEEXSVZWZHJEZW,11457.035
BRAECKHYDVMUMAKF,1016.61127
PBXEAT5YDFMUMHGB,670.58636
SHIEBG6FHNFZ2TFP,3328.3281
SHIED3RY2QZE2EWM,3613.9583
CAPEJZVUAZAEGXZ4,4961.0996
WCKE2TFFFYHKUM68,5219.2817
NKCECJPC5HBBSFKZ,2677.1116
BRAE7NMEGDDHG3EX,1960.8751
ACCDXFPYVJCMFGET,1170.0361
FSEEJVNPNZHCXNNK,1851.3818
CRTECN2QZ4NY4SSZ,4402.9053
NKCDYQ3RYDG2GMZB,5724.267
SGLEJCHSWBMHVVNG,4862.198
TOPECCNVM4SN9F9C,6943.689
NKCE74XGF3PPAZ3Q,629.96234
WATE5HFYXEJRCTHF,4894.959
NKCE8V3ZHGGGHHDH,7464.21
PBXE9CVJ6G5NAQFH,3331.4163
CNDEGVE65UWDPCYC,5089.2227
CRTECN2QV9AZBYNG,2462.9285
NKCDU4RZPGSGYY4Q,4289.8306
NKCE9YFBR7ZAMBNJ,1202.9586
SNDE6W34GVRVHWQQ,10463.845
CRTECN2QZCGZSGK8,3206.5833
BBAEGFHEYYMKHFZR,3251.1133
WATEAUABHVPGRBAS,589.43335
CRTECN2QZVUWVHZZ,4838.2856
ACCEGH6TMFNCMYJB,3910.644
PBXE9WEVHF3ZBQHW,8811.295
WCKE2TFYWX9QW3YC,4980.3623
BRAEDTNZZRXBHZGZ,1961.4547
BAREGJ8B2Y3TPUWH,8056.7183
SHOEJCKBGJGZQJHN,1920.0139
NKCE9Z2JQGBBSMTM,3522.7644
TKPEHGWYVVXUYCFC,5084.362
CRTECN2QYGNYMVY8,4333.0
CAEE9Y64FBPZJUUH,9270.347
ACCDSY8EMKXZM8EW,8855.538
CRTECN2QUZBANWHU,6333.82
SHOEDH9AS48SSFBT,3469.8547
CRTECN2QVV8ZGNWK,4237.744
NKCDU4RZ9HWVUHGW,9431.718
SNDEEFTGRRUZSFGJ,5104.4634
NKCE8P4V9ZQCAYZN,2964.3406
NKCE76TNSYX6ZQ9Z,604.3369
CPLEHB7C7ZJGHEQU,3867.3098
SRTEGWKKQABUMGFA,5703.328
NKCE38HBTZXEXXUG,5697.8506
SHIE3QDGUEGVZJZ8,5352.4805
NKCDY8S8ZPV4YA9S,4087.5605
SHOECXPHZSFGQEZZ,8617.526
RNGE88FQ5SDTSFY7,5009.681
NKCEAP3S6G8ZEGB6,2569.6245
JEAEHUHKEAEUXSRQ,4532.001
BRAE8WPSG4FMHFXF,1562.2839
RTRE9JEGMXHZ5RHQ,5110.5483
SHIEYSPPPDGTSGFX,4794.819
SHOECJD5WVAGAJEH,482.61456
WATEYAP3FEPWZ8MH,6791.4316
DREDRCRHDXQNK4RB,5774.36
TOPE7ZHZHT3SKKMN,5351.3496
SNDEBBK5Z6KUQZZF,468.7815
WATE2RX9HHGBUQGA,7921.2524
WATE2HX6JQGRXSEA,2563.182
NKCEDCT9MZNZ7D8B,590.2113
SHIE8HXEEX69GA9F,3615.7935
DREDYSNRZGBFFVQ5,5384.382
NKCEACYSTHNBFPM8,5737.0083
SUDEHYGURKV9EVVS,6383.985
BRAEDQDFPNUQGUVG,2044.5464
PBXE829GJ3ESYYMQ,3231.2239
LJGE9TGNUKM2UGWC,5751.897
MUGEBJ7XBXMRUHQC,3563.865
BRAEB9SJMFKF39ZW,1120.4603
RNGE864HPZG96WNH,3639.3813
BBAEFYZ9HC3R7CSS,5735.094
CRTECN2QZZHZH8H3,2289.704
NKCE49ATHBGGPBDM,2728.9282
PBXE5ZJZBKZKFUTT,9486.696
SNDEGGQ6T4W8ZGKH,13793.336
NKCEANMPQABUFANV,3050.4138
CLTEHE9FNVRTJUGS,3049.1724
NKCE9PFFJHGX23NG,1459.4752
NKCE6KGHUMC3DZNK,5918.0684
NKCE96SXSGHZ3GZA,103.20013
BRAEBUHTHHJDHGHE,7211.6943
SNDEGFJQBJWUCSHS,7899.7256
ACCDQDYBPHVQ9EFC,8365.446
PBXE84AFH8Y5KECY,1775.4553
KHREGSDWQZKZRY3J,5610.6714
PBXECNFSCHBSHZM9,8858.818
CRTE8389ZZJS6W9E,669.041
CRTECN2QZFRKZPZU,3640.749
TOPE89KYEWKHKRDZ,1431.6652
SHIEBXSH3GADDFBP,2649.9019
CRTECN2QYZ9YX3JR,4044.3137
BDSEJJ7CMKHRWVCZ,8517.683
BRAE8EHTGUTM8CX2,10282.178
BRAE3P8YRJ69HFQT,8586.127
SUDEGGATYHBGUFTF,3590.056
NKCE9YX36WBZF9HJ,6198.731
SUIE5GT3DSJCKEJF,1558.1747
RTRDYKU6F2GVR3CR,472.475
ACCEGH6TEZ8CAXEH,2318.1387
SRTEGWKHGMNG3WRJ,4810.708
CRTECN2RCNAMYX2E,7710.3716
ACCEGG9Z4QCZJZFJ,4371.058
BRAE4S2FYF4RN49J,1840.756
ACCEAHRFFH3S7HFF,1518.4883
NKCE9JBQGG5PHQFM,4959.263
CRTECN2QYU4SJADV,3666.4578
NKCECQYZNVJKFMJV,12059.517
RNGDUZU5VCYXAAEM,3548.7847
SUDEHYGU9BE2XETS,7082.9346
PBXE5YGWHPQGBWG3,4300.0093
ACCEGGAYDMUYE7SK,7453.325
WATEHVHJHMCGW3VN,762.5152
MUGECJZ23GD5PE6C,3170.7058
PADEHZFHGHFQJAXV,5572.898
CRTECN2R7EXGYGFZ,4579.2046
PBXEAJVRRK6MXXKH,2532.1272
PBXE9YWJHHERWPG4,5151.6895
WATDFFH3PGFHHZH8,16784.611
TOPEGFXU8ZAGFGNZ,1689.323
SHOE6ZQEB694PVM8,4041.1428
ACCE8VP6PZDUEYGP,3036.8513
WATE2FAGESM5B5VZ,7144.451
BRAECC9JFBY5YSEY,4273.579
BRAEYFDGSY9S9ZDW,4150.557
PELEGPF7C9YZFKDM,3863.263
ACCE93ZDRDSJD3RG,2422.628
NKCE9YFB9BZZ8ZFF,12503.561
JWSDZCHGUTXYUGZD,9424.62
SHIE7DFNVCR8KUGP,3698.4556
NKCE9PFFXGMFX5PB,9522.229
CRTECN2RZRH6FTYZ,2173.9868
JWSEJFMHQEMPZPGK,4139.8003
CAGDU9C3ZBMU4CGR,802.1089
PACE5M34GBFNK4F3,7190.9233
BRAE8WYHXBEEPGDQ,2954.2202
RNGED78RWSSAT7GT,9669.129
NKCECGT3EZHNNRAT,7133.915
TMLED7GYYPZ3ZXGW,5480.115
PELEJUCGUAPQRCZX,8852.081
BRAE6ZCHHPFNBYNU,1688.3759
SUDEGGATXD4BMC2G,4456.369
ACCEGG9Z5UB2JZYH,2701.5566
LJGEJQ4NA7BDGQWZ,5312.7295
JCKEJFPDVWBKHPFY,915.4815
RNGEE8ZHQ4HRM5WY,7288.8247
CRTECN2QTCW9VDKR,2913.9778
RNGE9HE7BKMCZGRV,4153.3086
CRTECN2QYYFYJFTV,2576.3977
BRADM8DWSRMPPNNX,1663.2466
SHIE7VFYJHKGMXUR,3584.1914
TOPE8ZAFC7JSV7QX,4127.4077
VANEGQCWZYFZ3EYJ,6921.4023
TOPEYY5YK3WEGGXX,3888.8943
MNGEJPST4MZDZCHT,2669.4392
PYJEJMHJNXJ6NGKC,9678.145
PADEHZFHCNQGWNNS,3941.1606
CRTECN2QTWDYRKGW,2802.781
JWSDSCB7SN9AYB4B,8338.116
RNGEAM4ZFGWHWMYZ,4620.917
TOPEBRYGRZFGPMHP,2556.2324
GLSEHEHZAZEJMRVF,6461.3477
ACCDYAGVFPSCPQUY,5951.9624
NKCEAJP6DGFV8AEZ,10346.346
CAGE7CJVGGHQYZDQ,236.76117
SNDEBYH3ZR33KSAG,7073.256
RTRDK7TWJB6RCNP9,4536.867
RTRE38HF433WXQJD,3593.8894
SNDEDG6HNGZDZXBV,1835.304
BRAEDT7STGZCKHEB,5438.4346
ACCE6RHG47DESW3Q,954.63983
CSPEGMVJJDYAYQYG,4325.6274
NKCE2NKZT6GSFFV5,2979.9512
ACCEGG9UN8H6EHGA,2201.648
WATEBJ37KBB3SEBR,3881.4697
CRTECN2QSGCA6CSF,2817.2146
SNDEHZPDSQZYASGW,4954.209
CAGEYUXVHFYNCAYD,7135.128
PCSE69MFRZSMYVRH,2120.2583
SNDEHZPDZMNZGHEQ,3381.0151
MUGEAGGKQMGVUVJT,2318.9995
SHOE3S9BGUAGYE5X,4828.771
MUGEAGGKHU2G6PT8,3209.2317
SHOEBG79YJZD9C33,2361.0078
GKEE5ZZ34VYKVZEK,6708.507
ECIEF6JYYJ4PHJ3Q,5742.5967
TROEGNRFM8FCZHHM,2345.905
SHTEYSPQAB9KAUVG,659.61084
TWCEJFXH4EU2JZYG,9398.469
WATE6S3AMDGT5PVG,3085.6458
MTYEJJAQYHCNKYZZ,5574.668
NKCE845VFGMPFFMT,9070.7
BRAE3WVQSRGWGHZV,7748.771
ACCEKFVWTGZXG5XK,5580.728
BRAEE6YMKFPSHPY3,1669.0253
RNGE7M92FZVK8YWH,6910.7764
BRAEBBMQWZYHZFGE,1428.2037
ACCEGZ66ATHMFPJV,760.1932
NKCE7UEX7BGCCZUY,4655.27
CAGE5H7JE9G72SHT,8081.9316
TMLECXEQGAQXQKDG,5106.2627
NKCECZFZY9YTKGTW,6294.0107
SHIECFNXZ7W9GVYZ,4442.5986
MUGEAGGKZEFKTZ8U,4084.3767
SHOEFECFFYBYP9QR,4320.3223
GLSEHB7RQJFVT6GS,1321.3004
NKCEASCZU8K6XDGF,1338.2552
LFHDBF4BY3PS66NG,5172.167
TOPE8E8NZP256K8G,4544.565
SNDE8SSKSSARAXHJ,7846.317
CRTECN2QXHGGKHWV,3815.1099
JEAE9PP49AH6PQCW,4358.2026
PCSE94FSG87ETQY2,2796.8389
NKCEANMPNFSQ2K6X,4517.608
PCSECV3FTHYGHHHF,1259.7108
GRKEG679TVS7CSPA,4927.484
TOPE7T5FMBVW9EFY,10488.661
SHOECXZEHUBBZYJV,5265.8027
CCVEFV4RRNH9FAHH,3159.7468
PCSDYQEVCWZSZH8V,9678.589
BRAE3TSHUSJJYKM7,1746.9272
PADEHZFHMTEUP8YG,4273.3047
NKCE6UWHWNCNCFQF,3238.3225
MUGE6S9YXRP8MRQC,3769.7222
WATECKYCCMXUQQMS,5865.129
SHOEJNY2X4CUEGTM,5668.2275
PCSEAKVBCZWH8HDS,9118.87
NKCDV9SXP4JGZDKK,2239.36
BDSEJTHNGWVGWWQU,2609.3687
BRAEYPGFGBRMAEZA,7034.814
NKCE8RB5WMWAWNHJ,3562.2974
BRAECKHZRU4RZKQH,6871.2974
HRCEHF2CDHYWPFVN,5727.3315
WATE8PBFJDAEDYFQ,7268.72
TOPE8QNKRJHBNWNV,5101.7446
PBXEAJVRSJFJ2APN,3640.868
SUDEHYGUFAGB4NYH,5479.1655
JEAEGGDJGFGQXEKV,5405.122
SHTEDCZWPM7F8GAM,4196.7593
WATE3NWHWKVDFSDN,1759.9106
ACCECHF4VZYHA4XZ,4948.61
PTPDVPEXSANDVSJQ,4304.487
JEAEGHQYYGDYDBWY,1513.4719
BRAEDSKCYE7BNKZ4,6135.462
VLBEHHWFMGCMEM4K,1064.542
TOPEHXA27XJFNSGV,2098.6062
ACCEGH6SEMYHF34Y,4261.875
RNGE7M922VGFBDGG,4734.6494
CRTECN2QZ4XUY84U,739.8638
ACBECFGTYJ3E8VHE,5375.5293
NKCE38HBJCPPYWKH,784.42694
BRAE7SQFKFNVCTB9,7464.2544
TOPDW7AQKZZHFCZF,4489.3887
SHIE9YDH4WHHEXZH,5810.463
DRPEHYHMEUCSYGKA,4773.8247
RNGEHFDYGPHZ3HGA,2912.0876
SHOEJVGTSYMHYFBX,3867.3098
ACCEJGH5QTFVXQZT,5730.346
SHTEJT4D7Y9NTWYZ,1503.5358
TOPEHZPAPFNFEHBG,543.46155
NKCE52CSJEGXP6FR,535.141
PELEJUCGBEHUGMZF,11442.087
BRAEAREZG4Z6ZFK9,4445.145
TOPEHTU4FN9KEAHJ,5479.1655
PCSE4FKC73GEKW7W,2939.89
CLTEGMYW2RWRDH5X,6054.107
ACCEGH6SF89RGZQD,3983.2092
NKCEANMPGJAZ7BHE,4430.82
CRTEA7HAXMYFVGXX,3133.3394
NKCDU4RZQRXJH4JF,788.7102
MUGEACY8QGADG5VG,5820.5376
PBXEAXGWYNVUUQVY,3257.05
CRTECN2QVE4KYGWY,3019.1133
NSTEJHERS3AKXUCW,4455.172
SHIEC8ASQEPSK7FZ,233.57344
RTRD8FNG6FUTFZQJ,2683.1807
ACCDXFPFEDJCKQJ3,10995.639
BALEGFXZGSRGJKJY,3146.1475
TOPEBQGGJ2C7Y7HZ,6057.4067
CAGE6FZSZXFKQHZP,959.8904
TKPEGFWWV9K7PMMD,7943.915
RPEEGGDJN5D8HFRM,4349.954
NKCE6TNZ9YGRGVNF,10888.432
CRTECN2QSGWBHY9F,7769.9673
ACCEAHRFCDZHX2CG,9643.811
BRAE75HSN6B5RA9V,7201.788
TOPE8N3BAE7QWZFY,1132.2843
WSCEFE4RZ8FRPQTD,4222.0615
MUGEGWT5RGJJHSGN,5774.9404
MUGEBJ7XHH5AVZV7,3628.512
PCSEC86VAFUTHBPX,8978.334
CRTECN2QUTDWFYGA,2501.894
NKCE9PFFYZYCKJFB,4935.8564
RNGE864HRQRATXWQ,4282.3037
WATE3GEY74QU9T35,1762.907
WATE9MVXX3DZ5UKD,4000.2668
MUGEBFGFYWQRWYDN,2629.7583
TOPE9KJEYHXXNBGC,2575.8567
TOPECMKVPCH2ZZTY,5104.4634
SGLEGBV8VGCMH77F,4358.447
WATDKB7JW7USDVZ6,2329.9473
TLPEHAKFGFC9QPM4,5757.09
JUMEBKQJUZHCZHHM,2749.704
JWSEEBEEHKG4ZGRG,8680.17
CRTECN2QSUHUEZZD,3913.2363
RNGE7M92NZGZSZJQ,4245.706
TOPE593EQJA4WW4Z,4974.204
BRAEDGM2YE58PGPV,3514.695
PBXEANB7QGWSP25F,1339.6393
BRAEE6YMKGHQ4C4K,3212.6506
TOPDYMSXBMBWVAS4,8220.539
MATEHFNMZVV9HYUV,10868.435
KRTEFG6MGMW4FQXF,790.034
SNDEE34XM8XB6ZEX,880.8125
TOPE6HZUKGTFPUFP,6253.9307
TOPE954FF9KJSZZN,4314.9307
NKCECGVAZYG6SF5S,446.19305
PBXE4Q7YBMXJ53ZG,2337.3027
ACCEGXDJMWKWYHPP,4288.3525
PCSE6X3Y2HSTHBDW,6892.008
SHIEBZB4U7BKYJTU,3744.3328
NKCEAFC847CUEYZX,1223.8911
CAGE9JEFFUQQNQHW,10626.046
TSHE8Z4HYFUWCVYB,7853.371
NKCDU4RZURUGSZZ6,3954.7402
SHIEFFFPMFH8SZZM,3920.875
DIAEJ6Z8BEDTGGYY,4187.9155
RNGEDAK9ZZR8MGY4,6270.962
SNDEHZQ7BSZZJRDT,4887.6284
NKCEAP3S6TDGRDVY,10689.444
MUGE8DTSSBPHDZWA,2425.506
SNDEARQ3EKZNNP4M,12303.128
ACCEGKTTMBKZT7JR,2057.4639
NKCEAVZ3QEWNHQNR,6064.5107
SHTEJRCHC5KESPYX,3289.4814
BBAEJK8Z5UD97GTP,2911.5999
PCSEDUT3FS8UTKJQ,7848.811
BRAE3Y4ZZZJHJVHV,8709.01
PTYEDMT4FRUDXZCP,3184.1323
PCSEAH5WZNWYJE8M,8369.152
BRAEEG6TFTNVFCRM,2588.72
PACEFVZZ2R8ZE5ZH,3509.5999
TOPDU2HZGVTAAQJW,4557.156
BRAEBBMQY4T7DFH6,2403.4712
TSHEHU5RXEVXH3P7,5471.3228
WATECSW5VZSZETGS,4563.8486
SGLEGBV7K2MGEGRB,7518.938
WATDP5NHENJGYYXF,7178.732
SUDEHYGUYBE5KGMW,4531.973
RTRDQZ8Z72FRMKGX,81.679306
SHIEAVW5MYGJ4BRR,558.1051
ACCDXH5JXWABF7GH,3989.6943
TOPE8TQDQDHZZY9S,5087.751
BRAE3TSHXZFRYAZQ,4977.0547
ACCDXFAGYWTHWYGT,1032.3246
SWSEBGYUPTH7GSHE,6905.492
DREE9QSVADZEKNJS,4572.7563
PBXE5CFUTETHWRZH,1951.4257
SHIED78RWUCDPFRH,6050.692
NKCE69P8PC5VR7NY,3891.225
WATEHYHNCANKP5VZ,6599.0107
NKCE7PZPRZFYKW3M,3770.6958
CHUEF7C3NGW54VJJ,4438.338
NKCE9Q93CUEMGS46,5196.686
RTRE2V3Y6FWVHDW5,3571.7134
BRAEE4UZZVMJUGE3,1490.8428
SHIE7G263EDTSDU5,4545.084
BRAE3TSHRTGMZA44,8115.2026
TOPEHWDGQD9NR6QD,2090.2095
NKCEFMZUJEWN3HXY,2230.362
CBKEHJUH7WPZEEGK,6393.984
CRTECN2QXZUFSGHZ,4758.029
SWSEBHCPAKWKRDPR,9265.316
ACCEAMGZGAQWYYMV,3609.6775
CRTECN2QZGUQPR93,4169.0703
SHOEJBSZ8FS9SNJR,579.4044
BRAE6ZCHV2ZAA9US,3240.7734
SUDEGGB28WWTGFUY,6626.51
ACCEAHRFFKPGUGGX,4533.3296
BRAEBBMQZDMZAEBV,1104.811
NKCED6EXXSFZGQP8,331.33978
SHTECN9HFVZYP2V9,3320.3955
RTREAX3DGDRSSYFT,1368.1268
RNGE65FGK2TMUC2A,9672.564
ACCEGZ8EWQ7RMZTZ,6976.7134
BRAE4DHZEAPXQVRG,1927.1309
CAGECHKFAMZCKPFT,34.552303
PCSE6SJG9SMAGGHY,3756.5967
SNDE25SG2HRJF9JH,1183.3771
NKCEAVZ3FCDEUZHG,5292.0396
ACCEG7AG8EUZRRZY,6260.5986
SHOECH3WZHFCVZWU,3715.889
TOPEAKYKZKRHPMHX,3678.634
NDNEJRAZNQBZQWQK,13009.919
MUGEBFGFDQYJG5TW,5528.1216
BBAE9K7BXFUTDNBK,3840.8054
RTRDYPA4PJHCJCGF,9178.719
TUNE8FWQBS7TVVT7,6493.9927
NKCEGMUABCRGUZPE,3432.3462
RNGE7M92KAQWUBCS,1041.9391
